Id,Id2,code,med_inc,ZIP
8600000US06390,6390,ZCTA5 06390,151083,06390
8600000US10001,10001,ZCTA5 10001,86801,10001
8600000US10002,10002,ZCTA5 10002,33726,10002
8600000US10003,10003,ZCTA5 10003,98151,10003
8600000US10004,10004,ZCTA5 10004,119691,10004
8600000US10005,10005,ZCTA5 10005,124194,10005
8600000US10006,10006,ZCTA5 10006,123691,10006
8600000US10007,10007,ZCTA5 10007,250000,10007
8600000US10009,10009,ZCTA5 10009,59090,10009
8600000US10010,10010,ZCTA5 10010,101718,10010
8600000US10011,10011,ZCTA5 10011,109818,10011
8600000US10012,10012,ZCTA5 10012,100859,10012
8600000US10013,10013,ZCTA5 10013,96667,10013
8600000US10014,10014,ZCTA5 10014,113973,10014
8600000US10016,10016,ZCTA5 10016,104826,10016
8600000US10017,10017,ZCTA5 10017,106421,10017
8600000US10018,10018,ZCTA5 10018,105500,10018
8600000US10019,10019,ZCTA5 10019,94022,10019
8600000US10020,10020,ZCTA5 10020,,10020
8600000US10021,10021,ZCTA5 10021,115076,10021
8600000US10022,10022,ZCTA5 10022,126378,10022
8600000US10023,10023,ZCTA5 10023,111478,10023
8600000US10024,10024,ZCTA5 10024,113839,10024
8600000US10025,10025,ZCTA5 10025,74065,10025
8600000US10026,10026,ZCTA5 10026,47264,10026
8600000US10027,10027,ZCTA5 10027,40782,10027
8600000US10028,10028,ZCTA5 10028,114939,10028
8600000US10029,10029,ZCTA5 10029,31350,10029
8600000US10030,10030,ZCTA5 10030,33196,10030
8600000US10031,10031,ZCTA5 10031,39774,10031
8600000US10032,10032,ZCTA5 10032,37280,10032
8600000US10033,10033,ZCTA5 10033,44933,10033
8600000US10034,10034,ZCTA5 10034,42581,10034
8600000US10035,10035,ZCTA5 10035,27424,10035
8600000US10036,10036,ZCTA5 10036,75966,10036
8600000US10037,10037,ZCTA5 10037,35491,10037
8600000US10038,10038,ZCTA5 10038,76379,10038
8600000US10039,10039,ZCTA5 10039,33558,10039
8600000US10040,10040,ZCTA5 10040,46200,10040
8600000US10044,10044,ZCTA5 10044,91383,10044
8600000US10065,10065,ZCTA5 10065,112869,10065
8600000US10069,10069,ZCTA5 10069,163750,10069
8600000US10075,10075,ZCTA5 10075,111691,10075
8600000US10103,10103,ZCTA5 10103,,10103
8600000US10110,10110,ZCTA5 10110,,10110
8600000US10111,10111,ZCTA5 10111,,10111
8600000US10112,10112,ZCTA5 10112,,10112
8600000US10115,10115,ZCTA5 10115,,10115
8600000US10119,10119,ZCTA5 10119,,10119
8600000US10128,10128,ZCTA5 10128,100200,10128
8600000US10152,10152,ZCTA5 10152,,10152
8600000US10153,10153,ZCTA5 10153,,10153
8600000US10154,10154,ZCTA5 10154,,10154
8600000US10162,10162,ZCTA5 10162,193510,10162
8600000US10165,10165,ZCTA5 10165,,10165
8600000US10167,10167,ZCTA5 10167,,10167
8600000US10168,10168,ZCTA5 10168,,10168
8600000US10169,10169,ZCTA5 10169,,10169
8600000US10170,10170,ZCTA5 10170,,10170
8600000US10171,10171,ZCTA5 10171,,10171
8600000US10172,10172,ZCTA5 10172,,10172
8600000US10173,10173,ZCTA5 10173,,10173
8600000US10174,10174,ZCTA5 10174,,10174
8600000US10177,10177,ZCTA5 10177,,10177
8600000US10199,10199,ZCTA5 10199,,10199
8600000US10271,10271,ZCTA5 10271,,10271
8600000US10278,10278,ZCTA5 10278,,10278
8600000US10279,10279,ZCTA5 10279,,10279
8600000US10280,10280,ZCTA5 10280,145432,10280
8600000US10282,10282,ZCTA5 10282,250000,10282
8600000US10301,10301,ZCTA5 10301,54605,10301
8600000US10302,10302,ZCTA5 10302,54170,10302
8600000US10303,10303,ZCTA5 10303,52553,10303
8600000US10304,10304,ZCTA5 10304,54106,10304
8600000US10305,10305,ZCTA5 10305,72782,10305
8600000US10306,10306,ZCTA5 10306,79686,10306
8600000US10307,10307,ZCTA5 10307,76857,10307
8600000US10308,10308,ZCTA5 10308,87174,10308
8600000US10309,10309,ZCTA5 10309,87509,10309
8600000US10310,10310,ZCTA5 10310,68080,10310
8600000US10311,10311,ZCTA5 10311,,10311
8600000US10312,10312,ZCTA5 10312,84584,10312
8600000US10314,10314,ZCTA5 10314,77331,10314
8600000US10451,10451,ZCTA5 10451,26048,10451
8600000US10452,10452,ZCTA5 10452,24790,10452
8600000US10453,10453,ZCTA5 10453,23095,10453
8600000US10454,10454,ZCTA5 10454,20210,10454
8600000US10455,10455,ZCTA5 10455,23253,10455
8600000US10456,10456,ZCTA5 10456,23956,10456
8600000US10457,10457,ZCTA5 10457,24750,10457
8600000US10458,10458,ZCTA5 10458,27912,10458
8600000US10459,10459,ZCTA5 10459,23761,10459
8600000US10460,10460,ZCTA5 10460,23209,10460
8600000US10461,10461,ZCTA5 10461,51568,10461
8600000US10462,10462,ZCTA5 10462,45760,10462
8600000US10463,10463,ZCTA5 10463,56482,10463
8600000US10464,10464,ZCTA5 10464,75208,10464
8600000US10465,10465,ZCTA5 10465,73776,10465
8600000US10466,10466,ZCTA5 10466,42478,10466
8600000US10467,10467,ZCTA5 10467,35117,10467
8600000US10468,10468,ZCTA5 10468,34784,10468
8600000US10469,10469,ZCTA5 10469,57207,10469
8600000US10470,10470,ZCTA5 10470,57706,10470
8600000US10471,10471,ZCTA5 10471,80222,10471
8600000US10472,10472,ZCTA5 10472,29308,10472
8600000US10473,10473,ZCTA5 10473,36764,10473
8600000US10474,10474,ZCTA5 10474,26585,10474
8600000US10475,10475,ZCTA5 10475,44923,10475
8600000US10501,10501,ZCTA5 10501,141563,10501
8600000US10502,10502,ZCTA5 10502,157132,10502
8600000US10503,10503,ZCTA5 10503,,10503
8600000US10504,10504,ZCTA5 10504,205912,10504
8600000US10505,10505,ZCTA5 10505,143750,10505
8600000US10506,10506,ZCTA5 10506,206207,10506
8600000US10507,10507,ZCTA5 10507,64351,10507
8600000US10509,10509,ZCTA5 10509,94226,10509
8600000US10510,10510,ZCTA5 10510,146723,10510
8600000US10511,10511,ZCTA5 10511,98370,10511
8600000US10512,10512,ZCTA5 10512,90095,10512
8600000US10514,10514,ZCTA5 10514,212528,10514
8600000US10516,10516,ZCTA5 10516,92381,10516
8600000US10517,10517,ZCTA5 10517,89250,10517
8600000US10518,10518,ZCTA5 10518,187898,10518
8600000US10519,10519,ZCTA5 10519,,10519
8600000US10520,10520,ZCTA5 10520,101932,10520
8600000US10522,10522,ZCTA5 10522,116671,10522
8600000US10523,10523,ZCTA5 10523,87353,10523
8600000US10524,10524,ZCTA5 10524,119583,10524
8600000US10526,10526,ZCTA5 10526,122250,10526
8600000US10527,10527,ZCTA5 10527,152212,10527
8600000US10528,10528,ZCTA5 10528,105570,10528
8600000US10530,10530,ZCTA5 10530,102317,10530
8600000US10532,10532,ZCTA5 10532,105739,10532
8600000US10533,10533,ZCTA5 10533,139574,10533
8600000US10535,10535,ZCTA5 10535,53636,10535
8600000US10536,10536,ZCTA5 10536,157875,10536
8600000US10537,10537,ZCTA5 10537,77396,10537
8600000US10538,10538,ZCTA5 10538,152500,10538
8600000US10541,10541,ZCTA5 10541,107901,10541
8600000US10543,10543,ZCTA5 10543,83827,10543
8600000US10545,10545,ZCTA5 10545,,10545
8600000US10546,10546,ZCTA5 10546,115278,10546
8600000US10547,10547,ZCTA5 10547,94982,10547
8600000US10548,10548,ZCTA5 10548,77059,10548
8600000US10549,10549,ZCTA5 10549,91184,10549
8600000US10550,10550,ZCTA5 10550,40698,10550
8600000US10552,10552,ZCTA5 10552,70991,10552
8600000US10553,10553,ZCTA5 10553,70513,10553
8600000US10560,10560,ZCTA5 10560,126905,10560
8600000US10562,10562,ZCTA5 10562,71773,10562
8600000US10566,10566,ZCTA5 10566,52125,10566
8600000US10567,10567,ZCTA5 10567,119521,10567
8600000US10570,10570,ZCTA5 10570,125814,10570
8600000US10573,10573,ZCTA5 10573,67206,10573
8600000US10576,10576,ZCTA5 10576,172714,10576
8600000US10577,10577,ZCTA5 10577,216250,10577
8600000US10578,10578,ZCTA5 10578,115714,10578
8600000US10579,10579,ZCTA5 10579,105694,10579
8600000US10580,10580,ZCTA5 10580,156595,10580
8600000US10583,10583,ZCTA5 10583,175123,10583
8600000US10588,10588,ZCTA5 10588,73054,10588
8600000US10589,10589,ZCTA5 10589,100240,10589
8600000US10590,10590,ZCTA5 10590,131607,10590
8600000US10591,10591,ZCTA5 10591,78388,10591
8600000US10594,10594,ZCTA5 10594,116950,10594
8600000US10595,10595,ZCTA5 10595,103889,10595
8600000US10596,10596,ZCTA5 10596,54432,10596
8600000US10597,10597,ZCTA5 10597,207895,10597
8600000US10598,10598,ZCTA5 10598,116862,10598
8600000US10601,10601,ZCTA5 10601,69234,10601
8600000US10603,10603,ZCTA5 10603,91884,10603
8600000US10604,10604,ZCTA5 10604,87396,10604
8600000US10605,10605,ZCTA5 10605,107325,10605
8600000US10606,10606,ZCTA5 10606,69579,10606
8600000US10607,10607,ZCTA5 10607,130982,10607
8600000US10701,10701,ZCTA5 10701,42238,10701
8600000US10703,10703,ZCTA5 10703,58244,10703
8600000US10704,10704,ZCTA5 10704,70272,10704
8600000US10705,10705,ZCTA5 10705,45446,10705
8600000US10706,10706,ZCTA5 10706,127632,10706
8600000US10707,10707,ZCTA5 10707,94427,10707
8600000US10708,10708,ZCTA5 10708,98014,10708
8600000US10709,10709,ZCTA5 10709,95625,10709
8600000US10710,10710,ZCTA5 10710,82324,10710
8600000US10801,10801,ZCTA5 10801,56101,10801
8600000US10803,10803,ZCTA5 10803,151607,10803
8600000US10804,10804,ZCTA5 10804,161445,10804
8600000US10805,10805,ZCTA5 10805,57672,10805
8600000US10901,10901,ZCTA5 10901,87444,10901
8600000US10910,10910,ZCTA5 10910,,10910
8600000US10911,10911,ZCTA5 10911,,10911
8600000US10913,10913,ZCTA5 10913,120929,10913
8600000US10914,10914,ZCTA5 10914,129632,10914
8600000US10915,10915,ZCTA5 10915,,10915
8600000US10916,10916,ZCTA5 10916,105104,10916
8600000US10917,10917,ZCTA5 10917,96077,10917
8600000US10918,10918,ZCTA5 10918,91471,10918
8600000US10919,10919,ZCTA5 10919,97703,10919
8600000US10920,10920,ZCTA5 10920,103344,10920
8600000US10921,10921,ZCTA5 10921,86071,10921
8600000US10922,10922,ZCTA5 10922,96875,10922
8600000US10923,10923,ZCTA5 10923,83734,10923
8600000US10924,10924,ZCTA5 10924,90184,10924
8600000US10925,10925,ZCTA5 10925,68125,10925
8600000US10926,10926,ZCTA5 10926,66394,10926
8600000US10927,10927,ZCTA5 10927,56061,10927
8600000US10928,10928,ZCTA5 10928,77969,10928
8600000US10930,10930,ZCTA5 10930,129477,10930
8600000US10931,10931,ZCTA5 10931,78162,10931
8600000US10932,10932,ZCTA5 10932,,10932
8600000US10933,10933,ZCTA5 10933,97845,10933
8600000US10940,10940,ZCTA5 10940,57007,10940
8600000US10941,10941,ZCTA5 10941,66141,10941
8600000US10950,10950,ZCTA5 10950,70645,10950
8600000US10952,10952,ZCTA5 10952,55595,10952
8600000US10953,10953,ZCTA5 10953,123600,10953
8600000US10954,10954,ZCTA5 10954,90743,10954
8600000US10956,10956,ZCTA5 10956,119899,10956
8600000US10958,10958,ZCTA5 10958,103203,10958
8600000US10960,10960,ZCTA5 10960,80141,10960
8600000US10962,10962,ZCTA5 10962,94303,10962
8600000US10963,10963,ZCTA5 10963,74821,10963
8600000US10964,10964,ZCTA5 10964,83257,10964
8600000US10965,10965,ZCTA5 10965,94352,10965
8600000US10968,10968,ZCTA5 10968,91581,10968
8600000US10969,10969,ZCTA5 10969,92500,10969
8600000US10970,10970,ZCTA5 10970,82856,10970
8600000US10973,10973,ZCTA5 10973,91250,10973
8600000US10974,10974,ZCTA5 10974,86006,10974
8600000US10975,10975,ZCTA5 10975,,10975
8600000US10976,10976,ZCTA5 10976,46750,10976
8600000US10977,10977,ZCTA5 10977,56598,10977
8600000US10979,10979,ZCTA5 10979,68125,10979
8600000US10980,10980,ZCTA5 10980,95214,10980
8600000US10983,10983,ZCTA5 10983,113036,10983
8600000US10984,10984,ZCTA5 10984,120341,10984
8600000US10985,10985,ZCTA5 10985,,10985
8600000US10986,10986,ZCTA5 10986,119671,10986
8600000US10987,10987,ZCTA5 10987,97279,10987
8600000US10988,10988,ZCTA5 10988,79375,10988
8600000US10989,10989,ZCTA5 10989,104285,10989
8600000US10990,10990,ZCTA5 10990,88452,10990
8600000US10992,10992,ZCTA5 10992,84830,10992
8600000US10993,10993,ZCTA5 10993,64627,10993
8600000US10994,10994,ZCTA5 10994,130060,10994
8600000US10996,10996,ZCTA5 10996,100385,10996
8600000US10998,10998,ZCTA5 10998,98036,10998
8600000US11001,11001,ZCTA5 11001,99691,11001
8600000US11003,11003,ZCTA5 11003,89831,11003
8600000US11004,11004,ZCTA5 11004,85968,11004
8600000US11005,11005,ZCTA5 11005,58894,11005
8600000US11010,11010,ZCTA5 11010,97741,11010
8600000US11020,11020,ZCTA5 11020,123438,11020
8600000US11021,11021,ZCTA5 11021,90993,11021
8600000US11023,11023,ZCTA5 11023,106699,11023
8600000US11024,11024,ZCTA5 11024,94243,11024
8600000US11030,11030,ZCTA5 11030,161786,11030
8600000US11040,11040,ZCTA5 11040,106654,11040
8600000US11042,11042,ZCTA5 11042,,11042
8600000US11050,11050,ZCTA5 11050,104261,11050
8600000US11096,11096,ZCTA5 11096,48449,11096
8600000US11101,11101,ZCTA5 11101,48013,11101
8600000US11102,11102,ZCTA5 11102,51123,11102
8600000US11103,11103,ZCTA5 11103,59243,11103
8600000US11104,11104,ZCTA5 11104,55294,11104
8600000US11105,11105,ZCTA5 11105,61646,11105
8600000US11106,11106,ZCTA5 11106,54109,11106
8600000US11109,11109,ZCTA5 11109,129505,11109
8600000US11201,11201,ZCTA5 11201,101150,11201
8600000US11203,11203,ZCTA5 11203,45936,11203
8600000US11204,11204,ZCTA5 11204,46560,11204
8600000US11205,11205,ZCTA5 11205,47575,11205
8600000US11206,11206,ZCTA5 11206,30779,11206
8600000US11207,11207,ZCTA5 11207,34252,11207
8600000US11208,11208,ZCTA5 11208,35698,11208
8600000US11209,11209,ZCTA5 11209,62761,11209
8600000US11210,11210,ZCTA5 11210,57565,11210
8600000US11211,11211,ZCTA5 11211,54406,11211
8600000US11212,11212,ZCTA5 11212,28207,11212
8600000US11213,11213,ZCTA5 11213,34701,11213
8600000US11214,11214,ZCTA5 11214,49828,11214
8600000US11215,11215,ZCTA5 11215,103716,11215
8600000US11216,11216,ZCTA5 11216,47107,11216
8600000US11217,11217,ZCTA5 11217,87091,11217
8600000US11218,11218,ZCTA5 11218,56120,11218
8600000US11219,11219,ZCTA5 11219,35974,11219
8600000US11220,11220,ZCTA5 11220,38893,11220
8600000US11221,11221,ZCTA5 11221,40635,11221
8600000US11222,11222,ZCTA5 11222,72409,11222
8600000US11223,11223,ZCTA5 11223,43019,11223
8600000US11224,11224,ZCTA5 11224,28006,11224
8600000US11225,11225,ZCTA5 11225,44911,11225
8600000US11226,11226,ZCTA5 11226,43399,11226
8600000US11228,11228,ZCTA5 11228,64250,11228
8600000US11229,11229,ZCTA5 11229,52168,11229
8600000US11230,11230,ZCTA5 11230,41068,11230
8600000US11231,11231,ZCTA5 11231,83310,11231
8600000US11232,11232,ZCTA5 11232,44474,11232
8600000US11233,11233,ZCTA5 11233,33745,11233
8600000US11234,11234,ZCTA5 11234,71115,11234
8600000US11235,11235,ZCTA5 11235,42818,11235
8600000US11236,11236,ZCTA5 11236,58705,11236
8600000US11237,11237,ZCTA5 11237,44950,11237
8600000US11238,11238,ZCTA5 11238,70873,11238
8600000US11239,11239,ZCTA5 11239,26186,11239
8600000US11351,11351,ZCTA5 11351,,11351
8600000US11354,11354,ZCTA5 11354,44741,11354
8600000US11355,11355,ZCTA5 11355,39168,11355
8600000US11356,11356,ZCTA5 11356,57194,11356
8600000US11357,11357,ZCTA5 11357,73750,11357
8600000US11358,11358,ZCTA5 11358,65258,11358
8600000US11359,11359,ZCTA5 11359,,11359
8600000US11360,11360,ZCTA5 11360,80235,11360
8600000US11361,11361,ZCTA5 11361,79158,11361
8600000US11362,11362,ZCTA5 11362,86758,11362
8600000US11363,11363,ZCTA5 11363,89219,11363
8600000US11364,11364,ZCTA5 11364,72477,11364
8600000US11365,11365,ZCTA5 11365,59520,11365
8600000US11366,11366,ZCTA5 11366,72486,11366
8600000US11367,11367,ZCTA5 11367,56557,11367
8600000US11368,11368,ZCTA5 11368,45004,11368
8600000US11369,11369,ZCTA5 11369,52310,11369
8600000US11370,11370,ZCTA5 11370,53427,11370
8600000US11371,11371,ZCTA5 11371,,11371
8600000US11372,11372,ZCTA5 11372,50485,11372
8600000US11373,11373,ZCTA5 11373,47588,11373
8600000US11374,11374,ZCTA5 11374,52132,11374
8600000US11375,11375,ZCTA5 11375,72414,11375
8600000US11377,11377,ZCTA5 11377,50436,11377
8600000US11378,11378,ZCTA5 11378,57127,11378
8600000US11379,11379,ZCTA5 11379,71551,11379
8600000US11385,11385,ZCTA5 11385,55331,11385
8600000US11411,11411,ZCTA5 11411,81149,11411
8600000US11412,11412,ZCTA5 11412,72458,11412
8600000US11413,11413,ZCTA5 11413,81287,11413
8600000US11414,11414,ZCTA5 11414,68374,11414
8600000US11415,11415,ZCTA5 11415,63756,11415
8600000US11416,11416,ZCTA5 11416,58392,11416
8600000US11417,11417,ZCTA5 11417,62057,11417
8600000US11418,11418,ZCTA5 11418,61480,11418
8600000US11419,11419,ZCTA5 11419,58266,11419
8600000US11420,11420,ZCTA5 11420,59660,11420
8600000US11421,11421,ZCTA5 11421,60996,11421
8600000US11422,11422,ZCTA5 11422,84955,11422
8600000US11423,11423,ZCTA5 11423,62179,11423
8600000US11424,11424,ZCTA5 11424,,11424
8600000US11425,11425,ZCTA5 11425,,11425
8600000US11426,11426,ZCTA5 11426,77146,11426
8600000US11427,11427,ZCTA5 11427,66007,11427
8600000US11428,11428,ZCTA5 11428,67151,11428
8600000US11429,11429,ZCTA5 11429,68684,11429
8600000US11430,11430,ZCTA5 11430,,11430
8600000US11432,11432,ZCTA5 11432,50702,11432
8600000US11433,11433,ZCTA5 11433,42964,11433
8600000US11434,11434,ZCTA5 11434,58076,11434
8600000US11435,11435,ZCTA5 11435,52686,11435
8600000US11436,11436,ZCTA5 11436,64005,11436
8600000US11451,11451,ZCTA5 11451,,11451
8600000US11501,11501,ZCTA5 11501,89347,11501
8600000US11507,11507,ZCTA5 11507,111875,11507
8600000US11509,11509,ZCTA5 11509,135750,11509
8600000US11510,11510,ZCTA5 11510,93768,11510
8600000US11514,11514,ZCTA5 11514,97692,11514
8600000US11516,11516,ZCTA5 11516,95720,11516
8600000US11518,11518,ZCTA5 11518,92901,11518
8600000US11520,11520,ZCTA5 11520,72628,11520
8600000US11530,11530,ZCTA5 11530,139821,11530
8600000US11542,11542,ZCTA5 11542,68647,11542
8600000US11545,11545,ZCTA5 11545,142219,11545
8600000US11547,11547,ZCTA5 11547,115917,11547
8600000US11548,11548,ZCTA5 11548,100893,11548
8600000US11549,11549,ZCTA5 11549,,11549
8600000US11550,11550,ZCTA5 11550,57003,11550
8600000US11552,11552,ZCTA5 11552,97254,11552
8600000US11553,11553,ZCTA5 11553,70201,11553
8600000US11554,11554,ZCTA5 11554,94214,11554
8600000US11556,11556,ZCTA5 11556,,11556
8600000US11557,11557,ZCTA5 11557,120617,11557
8600000US11558,11558,ZCTA5 11558,72292,11558
8600000US11559,11559,ZCTA5 11559,115252,11559
8600000US11560,11560,ZCTA5 11560,103594,11560
8600000US11561,11561,ZCTA5 11561,89252,11561
8600000US11563,11563,ZCTA5 11563,85194,11563
8600000US11565,11565,ZCTA5 11565,110110,11565
8600000US11566,11566,ZCTA5 11566,125992,11566
8600000US11568,11568,ZCTA5 11568,172750,11568
8600000US11569,11569,ZCTA5 11569,110398,11569
8600000US11570,11570,ZCTA5 11570,107442,11570
8600000US11572,11572,ZCTA5 11572,95750,11572
8600000US11575,11575,ZCTA5 11575,65890,11575
8600000US11576,11576,ZCTA5 11576,152910,11576
8600000US11577,11577,ZCTA5 11577,116667,11577
8600000US11579,11579,ZCTA5 11579,110696,11579
8600000US11580,11580,ZCTA5 11580,90536,11580
8600000US11581,11581,ZCTA5 11581,100787,11581
8600000US11590,11590,ZCTA5 11590,89083,11590
8600000US11596,11596,ZCTA5 11596,110575,11596
8600000US11598,11598,ZCTA5 11598,129907,11598
8600000US11691,11691,ZCTA5 11691,42023,11691
8600000US11692,11692,ZCTA5 11692,42127,11692
8600000US11693,11693,ZCTA5 11693,53281,11693
8600000US11694,11694,ZCTA5 11694,75094,11694
8600000US11697,11697,ZCTA5 11697,93333,11697
8600000US11701,11701,ZCTA5 11701,73494,11701
8600000US11702,11702,ZCTA5 11702,97294,11702
8600000US11703,11703,ZCTA5 11703,88983,11703
8600000US11704,11704,ZCTA5 11704,81072,11704
8600000US11705,11705,ZCTA5 11705,98321,11705
8600000US11706,11706,ZCTA5 11706,79086,11706
8600000US11709,11709,ZCTA5 11709,101221,11709
8600000US11710,11710,ZCTA5 11710,106204,11710
8600000US11713,11713,ZCTA5 11713,71101,11713
8600000US11714,11714,ZCTA5 11714,88750,11714
8600000US11715,11715,ZCTA5 11715,108009,11715
8600000US11716,11716,ZCTA5 11716,79968,11716
8600000US11717,11717,ZCTA5 11717,70208,11717
8600000US11718,11718,ZCTA5 11718,122692,11718
8600000US11719,11719,ZCTA5 11719,91488,11719
8600000US11720,11720,ZCTA5 11720,91224,11720
8600000US11721,11721,ZCTA5 11721,106786,11721
8600000US11722,11722,ZCTA5 11722,66570,11722
8600000US11724,11724,ZCTA5 11724,200313,11724
8600000US11725,11725,ZCTA5 11725,113613,11725
8600000US11726,11726,ZCTA5 11726,69123,11726
8600000US11727,11727,ZCTA5 11727,75408,11727
8600000US11729,11729,ZCTA5 11729,83122,11729
8600000US11730,11730,ZCTA5 11730,115402,11730
8600000US11731,11731,ZCTA5 11731,99360,11731
8600000US11732,11732,ZCTA5 11732,116125,11732
8600000US11733,11733,ZCTA5 11733,129358,11733
8600000US11735,11735,ZCTA5 11735,91156,11735
8600000US11738,11738,ZCTA5 11738,94522,11738
8600000US11739,11739,ZCTA5 11739,129464,11739
8600000US11740,11740,ZCTA5 11740,89102,11740
8600000US11741,11741,ZCTA5 11741,100133,11741
8600000US11742,11742,ZCTA5 11742,86381,11742
8600000US11743,11743,ZCTA5 11743,113750,11743
8600000US11746,11746,ZCTA5 11746,99414,11746
8600000US11747,11747,ZCTA5 11747,117288,11747
8600000US11749,11749,ZCTA5 11749,87976,11749
8600000US11751,11751,ZCTA5 11751,95191,11751
8600000US11752,11752,ZCTA5 11752,100108,11752
8600000US11753,11753,ZCTA5 11753,145947,11753
8600000US11754,11754,ZCTA5 11754,100101,11754
8600000US11755,11755,ZCTA5 11755,96654,11755
8600000US11756,11756,ZCTA5 11756,100773,11756
8600000US11757,11757,ZCTA5 11757,81330,11757
8600000US11758,11758,ZCTA5 11758,104128,11758
8600000US11762,11762,ZCTA5 11762,112083,11762
8600000US11763,11763,ZCTA5 11763,85450,11763
8600000US11764,11764,ZCTA5 11764,109153,11764
8600000US11765,11765,ZCTA5 11765,137500,11765
8600000US11766,11766,ZCTA5 11766,111397,11766
8600000US11767,11767,ZCTA5 11767,119319,11767
8600000US11768,11768,ZCTA5 11768,117023,11768
8600000US11769,11769,ZCTA5 11769,86000,11769
8600000US11770,11770,ZCTA5 11770,148750,11770
8600000US11771,11771,ZCTA5 11771,118264,11771
8600000US11772,11772,ZCTA5 11772,68077,11772
8600000US11776,11776,ZCTA5 11776,92280,11776
8600000US11777,11777,ZCTA5 11777,112660,11777
8600000US11778,11778,ZCTA5 11778,90658,11778
8600000US11779,11779,ZCTA5 11779,85972,11779
8600000US11780,11780,ZCTA5 11780,107170,11780
8600000US11782,11782,ZCTA5 11782,110869,11782
8600000US11783,11783,ZCTA5 11783,105915,11783
8600000US11784,11784,ZCTA5 11784,89699,11784
8600000US11786,11786,ZCTA5 11786,121875,11786
8600000US11787,11787,ZCTA5 11787,111961,11787
8600000US11788,11788,ZCTA5 11788,105019,11788
8600000US11789,11789,ZCTA5 11789,87955,11789
8600000US11790,11790,ZCTA5 11790,134536,11790
8600000US11791,11791,ZCTA5 11791,151627,11791
8600000US11792,11792,ZCTA5 11792,120997,11792
8600000US11793,11793,ZCTA5 11793,113481,11793
8600000US11794,11794,ZCTA5 11794,,11794
8600000US11795,11795,ZCTA5 11795,110815,11795
8600000US11796,11796,ZCTA5 11796,104236,11796
8600000US11797,11797,ZCTA5 11797,157216,11797
8600000US11798,11798,ZCTA5 11798,70343,11798
8600000US11801,11801,ZCTA5 11801,93759,11801
8600000US11803,11803,ZCTA5 11803,126536,11803
8600000US11804,11804,ZCTA5 11804,118900,11804
8600000US11901,11901,ZCTA5 11901,55450,11901
8600000US11930,11930,ZCTA5 11930,86083,11930
8600000US11931,11931,ZCTA5 11931,,11931
8600000US11932,11932,ZCTA5 11932,70461,11932
8600000US11933,11933,ZCTA5 11933,59605,11933
8600000US11934,11934,ZCTA5 11934,90080,11934
8600000US11935,11935,ZCTA5 11935,86125,11935
8600000US11937,11937,ZCTA5 11937,84847,11937
8600000US11939,11939,ZCTA5 11939,72500,11939
8600000US11940,11940,ZCTA5 11940,96607,11940
8600000US11941,11941,ZCTA5 11941,102135,11941
8600000US11942,11942,ZCTA5 11942,88784,11942
8600000US11944,11944,ZCTA5 11944,56029,11944
8600000US11946,11946,ZCTA5 11946,75670,11946
8600000US11947,11947,ZCTA5 11947,,11947
8600000US11948,11948,ZCTA5 11948,103112,11948
8600000US11949,11949,ZCTA5 11949,105279,11949
8600000US11950,11950,ZCTA5 11950,71088,11950
8600000US11951,11951,ZCTA5 11951,63043,11951
8600000US11952,11952,ZCTA5 11952,74313,11952
8600000US11953,11953,ZCTA5 11953,70829,11953
8600000US11954,11954,ZCTA5 11954,72903,11954
8600000US11955,11955,ZCTA5 11955,61667,11955
8600000US11956,11956,ZCTA5 11956,,11956
8600000US11957,11957,ZCTA5 11957,75375,11957
8600000US11958,11958,ZCTA5 11958,65288,11958
8600000US11959,11959,ZCTA5 11959,85125,11959
8600000US11960,11960,ZCTA5 11960,103151,11960
8600000US11961,11961,ZCTA5 11961,56236,11961
8600000US11962,11962,ZCTA5 11962,209125,11962
8600000US11963,11963,ZCTA5 11963,86111,11963
8600000US11964,11964,ZCTA5 11964,79091,11964
8600000US11965,11965,ZCTA5 11965,101771,11965
8600000US11967,11967,ZCTA5 11967,82682,11967
8600000US11968,11968,ZCTA5 11968,82024,11968
8600000US11970,11970,ZCTA5 11970,,11970
8600000US11971,11971,ZCTA5 11971,89074,11971
8600000US11972,11972,ZCTA5 11972,104444,11972
8600000US11973,11973,ZCTA5 11973,,11973
8600000US11975,11975,ZCTA5 11975,79250,11975
8600000US11976,11976,ZCTA5 11976,115547,11976
8600000US11977,11977,ZCTA5 11977,97045,11977
8600000US11978,11978,ZCTA5 11978,83203,11978
8600000US11980,11980,ZCTA5 11980,90313,11980
8600000US12007,12007,ZCTA5 12007,,12007
8600000US12008,12008,ZCTA5 12008,93250,12008
8600000US12009,12009,ZCTA5 12009,89605,12009
8600000US12010,12010,ZCTA5 12010,44711,12010
8600000US12015,12015,ZCTA5 12015,58533,12015
8600000US12017,12017,ZCTA5 12017,62917,12017
8600000US12018,12018,ZCTA5 12018,81205,12018
8600000US12019,12019,ZCTA5 12019,88059,12019
8600000US12020,12020,ZCTA5 12020,73712,12020
8600000US12022,12022,ZCTA5 12022,51719,12022
8600000US12023,12023,ZCTA5 12023,61488,12023
8600000US12024,12024,ZCTA5 12024,,12024
8600000US12025,12025,ZCTA5 12025,58923,12025
8600000US12027,12027,ZCTA5 12027,86656,12027
8600000US12028,12028,ZCTA5 12028,81923,12028
8600000US12029,12029,ZCTA5 12029,79000,12029
8600000US12031,12031,ZCTA5 12031,49167,12031
8600000US12032,12032,ZCTA5 12032,47130,12032
8600000US12033,12033,ZCTA5 12033,69733,12033
8600000US12035,12035,ZCTA5 12035,37647,12035
8600000US12036,12036,ZCTA5 12036,36875,12036
8600000US12037,12037,ZCTA5 12037,61188,12037
8600000US12040,12040,ZCTA5 12040,39063,12040
8600000US12041,12041,ZCTA5 12041,68571,12041
8600000US12042,12042,ZCTA5 12042,,12042
8600000US12043,12043,ZCTA5 12043,49869,12043
8600000US12045,12045,ZCTA5 12045,41250,12045
8600000US12046,12046,ZCTA5 12046,80129,12046
8600000US12047,12047,ZCTA5 12047,51313,12047
8600000US12051,12051,ZCTA5 12051,58664,12051
8600000US12052,12052,ZCTA5 12052,66012,12052
8600000US12053,12053,ZCTA5 12053,80082,12053
8600000US12054,12054,ZCTA5 12054,96813,12054
8600000US12056,12056,ZCTA5 12056,95714,12056
8600000US12057,12057,ZCTA5 12057,46797,12057
8600000US12058,12058,ZCTA5 12058,65000,12058
8600000US12059,12059,ZCTA5 12059,76250,12059
8600000US12060,12060,ZCTA5 12060,70278,12060
8600000US12061,12061,ZCTA5 12061,85043,12061
8600000US12062,12062,ZCTA5 12062,63258,12062
8600000US12063,12063,ZCTA5 12063,155658,12063
8600000US12064,12064,ZCTA5 12064,60119,12064
8600000US12065,12065,ZCTA5 12065,81192,12065
8600000US12066,12066,ZCTA5 12066,58672,12066
8600000US12067,12067,ZCTA5 12067,66875,12067
8600000US12068,12068,ZCTA5 12068,52473,12068
8600000US12069,12069,ZCTA5 12069,,12069
8600000US12070,12070,ZCTA5 12070,61250,12070
8600000US12071,12071,ZCTA5 12071,51563,12071
8600000US12072,12072,ZCTA5 12072,45000,12072
8600000US12074,12074,ZCTA5 12074,68690,12074
8600000US12075,12075,ZCTA5 12075,60544,12075
8600000US12076,12076,ZCTA5 12076,58478,12076
8600000US12077,12077,ZCTA5 12077,95135,12077
8600000US12078,12078,ZCTA5 12078,39810,12078
8600000US12083,12083,ZCTA5 12083,66250,12083
8600000US12084,12084,ZCTA5 12084,68080,12084
8600000US12085,12085,ZCTA5 12085,41985,12085
8600000US12086,12086,ZCTA5 12086,60417,12086
8600000US12087,12087,ZCTA5 12087,69531,12087
8600000US12089,12089,ZCTA5 12089,64375,12089
8600000US12090,12090,ZCTA5 12090,57181,12090
8600000US12092,12092,ZCTA5 12092,41500,12092
8600000US12093,12093,ZCTA5 12093,50900,12093
8600000US12094,12094,ZCTA5 12094,74625,12094
8600000US12095,12095,ZCTA5 12095,48142,12095
8600000US12106,12106,ZCTA5 12106,72417,12106
8600000US12108,12108,ZCTA5 12108,64750,12108
8600000US12110,12110,ZCTA5 12110,73997,12110
8600000US12115,12115,ZCTA5 12115,67083,12115
8600000US12116,12116,ZCTA5 12116,46458,12116
8600000US12117,12117,ZCTA5 12117,54420,12117
8600000US12118,12118,ZCTA5 12118,63750,12118
8600000US12120,12120,ZCTA5 12120,56250,12120
8600000US12121,12121,ZCTA5 12121,67243,12121
8600000US12122,12122,ZCTA5 12122,44738,12122
8600000US12123,12123,ZCTA5 12123,70331,12123
8600000US12124,12124,ZCTA5 12124,108977,12124
8600000US12125,12125,ZCTA5 12125,51741,12125
8600000US12130,12130,ZCTA5 12130,89750,12130
8600000US12131,12131,ZCTA5 12131,58750,12131
8600000US12132,12132,ZCTA5 12132,61150,12132
8600000US12134,12134,ZCTA5 12134,53214,12134
8600000US12136,12136,ZCTA5 12136,89276,12136
8600000US12137,12137,ZCTA5 12137,61563,12137
8600000US12138,12138,ZCTA5 12138,61296,12138
8600000US12139,12139,ZCTA5 12139,50625,12139
8600000US12140,12140,ZCTA5 12140,82564,12140
8600000US12143,12143,ZCTA5 12143,49803,12143
8600000US12144,12144,ZCTA5 12144,63286,12144
8600000US12147,12147,ZCTA5 12147,63000,12147
8600000US12148,12148,ZCTA5 12148,101307,12148
8600000US12149,12149,ZCTA5 12149,51000,12149
8600000US12150,12150,ZCTA5 12150,64286,12150
8600000US12151,12151,ZCTA5 12151,72321,12151
8600000US12153,12153,ZCTA5 12153,87393,12153
8600000US12154,12154,ZCTA5 12154,66579,12154
8600000US12155,12155,ZCTA5 12155,51304,12155
8600000US12156,12156,ZCTA5 12156,78170,12156
8600000US12157,12157,ZCTA5 12157,53929,12157
8600000US12158,12158,ZCTA5 12158,81006,12158
8600000US12159,12159,ZCTA5 12159,87927,12159
8600000US12160,12160,ZCTA5 12160,58333,12160
8600000US12161,12161,ZCTA5 12161,,12161
8600000US12164,12164,ZCTA5 12164,58125,12164
8600000US12165,12165,ZCTA5 12165,105833,12165
8600000US12166,12166,ZCTA5 12166,43646,12166
8600000US12167,12167,ZCTA5 12167,46875,12167
8600000US12168,12168,ZCTA5 12168,60417,12168
8600000US12169,12169,ZCTA5 12169,50938,12169
8600000US12170,12170,ZCTA5 12170,66450,12170
8600000US12172,12172,ZCTA5 12172,46806,12172
8600000US12173,12173,ZCTA5 12173,68857,12173
8600000US12174,12174,ZCTA5 12174,57917,12174
8600000US12175,12175,ZCTA5 12175,48456,12175
8600000US12176,12176,ZCTA5 12176,75760,12176
8600000US12177,12177,ZCTA5 12177,70250,12177
8600000US12180,12180,ZCTA5 12180,49283,12180
8600000US12182,12182,ZCTA5 12182,40327,12182
8600000US12183,12183,ZCTA5 12183,55000,12183
8600000US12184,12184,ZCTA5 12184,77500,12184
8600000US12185,12185,ZCTA5 12185,72400,12185
8600000US12186,12186,ZCTA5 12186,86648,12186
8600000US12187,12187,ZCTA5 12187,49464,12187
8600000US12188,12188,ZCTA5 12188,62439,12188
8600000US12189,12189,ZCTA5 12189,49157,12189
8600000US12190,12190,ZCTA5 12190,43000,12190
8600000US12192,12192,ZCTA5 12192,63462,12192
8600000US12193,12193,ZCTA5 12193,76786,12193
8600000US12194,12194,ZCTA5 12194,61250,12194
8600000US12195,12195,ZCTA5 12195,,12195
8600000US12196,12196,ZCTA5 12196,92500,12196
8600000US12197,12197,ZCTA5 12197,44250,12197
8600000US12198,12198,ZCTA5 12198,82899,12198
8600000US12202,12202,ZCTA5 12202,25952,12202
8600000US12203,12203,ZCTA5 12203,51842,12203
8600000US12204,12204,ZCTA5 12204,49408,12204
8600000US12205,12205,ZCTA5 12205,64161,12205
8600000US12206,12206,ZCTA5 12206,28239,12206
8600000US12207,12207,ZCTA5 12207,10675,12207
8600000US12208,12208,ZCTA5 12208,56018,12208
8600000US12209,12209,ZCTA5 12209,52788,12209
8600000US12210,12210,ZCTA5 12210,43535,12210
8600000US12211,12211,ZCTA5 12211,90734,12211
8600000US12222,12222,ZCTA5 12222,,12222
8600000US12302,12302,ZCTA5 12302,66437,12302
8600000US12303,12303,ZCTA5 12303,62402,12303
8600000US12304,12304,ZCTA5 12304,48427,12304
8600000US12305,12305,ZCTA5 12305,25552,12305
8600000US12306,12306,ZCTA5 12306,59816,12306
8600000US12307,12307,ZCTA5 12307,17772,12307
8600000US12308,12308,ZCTA5 12308,43908,12308
8600000US12309,12309,ZCTA5 12309,92904,12309
8600000US12401,12401,ZCTA5 12401,46071,12401
8600000US12404,12404,ZCTA5 12404,71615,12404
8600000US12405,12405,ZCTA5 12405,44485,12405
8600000US12406,12406,ZCTA5 12406,41111,12406
8600000US12407,12407,ZCTA5 12407,70833,12407
8600000US12409,12409,ZCTA5 12409,65625,12409
8600000US12410,12410,ZCTA5 12410,60469,12410
8600000US12411,12411,ZCTA5 12411,81518,12411
8600000US12412,12412,ZCTA5 12412,50568,12412
8600000US12413,12413,ZCTA5 12413,33468,12413
8600000US12414,12414,ZCTA5 12414,46925,12414
8600000US12416,12416,ZCTA5 12416,25050,12416
8600000US12417,12417,ZCTA5 12417,50549,12417
8600000US12418,12418,ZCTA5 12418,63393,12418
8600000US12419,12419,ZCTA5 12419,55893,12419
8600000US12420,12420,ZCTA5 12420,86466,12420
8600000US12421,12421,ZCTA5 12421,45313,12421
8600000US12422,12422,ZCTA5 12422,67569,12422
8600000US12423,12423,ZCTA5 12423,40750,12423
8600000US12424,12424,ZCTA5 12424,38750,12424
8600000US12427,12427,ZCTA5 12427,89044,12427
8600000US12428,12428,ZCTA5 12428,45565,12428
8600000US12429,12429,ZCTA5 12429,,12429
8600000US12430,12430,ZCTA5 12430,50530,12430
8600000US12431,12431,ZCTA5 12431,39907,12431
8600000US12432,12432,ZCTA5 12432,58913,12432
8600000US12433,12433,ZCTA5 12433,134261,12433
8600000US12434,12434,ZCTA5 12434,28083,12434
8600000US12435,12435,ZCTA5 12435,34205,12435
8600000US12436,12436,ZCTA5 12436,,12436
8600000US12438,12438,ZCTA5 12438,101250,12438
8600000US12439,12439,ZCTA5 12439,37188,12439
8600000US12440,12440,ZCTA5 12440,51375,12440
8600000US12441,12441,ZCTA5 12441,116500,12441
8600000US12442,12442,ZCTA5 12442,28472,12442
8600000US12443,12443,ZCTA5 12443,76897,12443
8600000US12444,12444,ZCTA5 12444,38229,12444
8600000US12446,12446,ZCTA5 12446,57373,12446
8600000US12448,12448,ZCTA5 12448,61648,12448
8600000US12449,12449,ZCTA5 12449,37951,12449
8600000US12450,12450,ZCTA5 12450,,12450
8600000US12451,12451,ZCTA5 12451,60974,12451
8600000US12452,12452,ZCTA5 12452,41538,12452
8600000US12453,12453,ZCTA5 12453,34434,12453
8600000US12454,12454,ZCTA5 12454,73750,12454
8600000US12455,12455,ZCTA5 12455,40439,12455
8600000US12456,12456,ZCTA5 12456,47656,12456
8600000US12457,12457,ZCTA5 12457,,12457
8600000US12458,12458,ZCTA5 12458,43393,12458
8600000US12459,12459,ZCTA5 12459,40195,12459
8600000US12460,12460,ZCTA5 12460,52014,12460
8600000US12461,12461,ZCTA5 12461,63445,12461
8600000US12463,12463,ZCTA5 12463,51197,12463
8600000US12464,12464,ZCTA5 12464,47778,12464
8600000US12465,12465,ZCTA5 12465,71875,12465
8600000US12466,12466,ZCTA5 12466,67616,12466
8600000US12468,12468,ZCTA5 12468,41776,12468
8600000US12469,12469,ZCTA5 12469,44643,12469
8600000US12470,12470,ZCTA5 12470,51731,12470
8600000US12471,12471,ZCTA5 12471,46250,12471
8600000US12472,12472,ZCTA5 12472,56250,12472
8600000US12473,12473,ZCTA5 12473,73622,12473
8600000US12474,12474,ZCTA5 12474,41538,12474
8600000US12475,12475,ZCTA5 12475,,12475
8600000US12477,12477,ZCTA5 12477,58843,12477
8600000US12480,12480,ZCTA5 12480,41406,12480
8600000US12481,12481,ZCTA5 12481,54467,12481
8600000US12482,12482,ZCTA5 12482,34222,12482
8600000US12483,12483,ZCTA5 12483,35865,12483
8600000US12484,12484,ZCTA5 12484,79327,12484
8600000US12485,12485,ZCTA5 12485,51382,12485
8600000US12486,12486,ZCTA5 12486,74922,12486
8600000US12487,12487,ZCTA5 12487,71736,12487
8600000US12489,12489,ZCTA5 12489,67868,12489
8600000US12490,12490,ZCTA5 12490,,12490
8600000US12491,12491,ZCTA5 12491,57917,12491
8600000US12492,12492,ZCTA5 12492,50139,12492
8600000US12493,12493,ZCTA5 12493,85547,12493
8600000US12494,12494,ZCTA5 12494,59844,12494
8600000US12495,12495,ZCTA5 12495,82857,12495
8600000US12496,12496,ZCTA5 12496,50435,12496
8600000US12498,12498,ZCTA5 12498,67229,12498
8600000US12501,12501,ZCTA5 12501,64485,12501
8600000US12502,12502,ZCTA5 12502,72250,12502
8600000US12503,12503,ZCTA5 12503,63472,12503
8600000US12504,12504,ZCTA5 12504,68125,12504
8600000US12507,12507,ZCTA5 12507,66538,12507
8600000US12508,12508,ZCTA5 12508,68965,12508
8600000US12512,12512,ZCTA5 12512,,12512
8600000US12513,12513,ZCTA5 12513,67917,12513
8600000US12514,12514,ZCTA5 12514,89306,12514
8600000US12515,12515,ZCTA5 12515,55536,12515
8600000US12516,12516,ZCTA5 12516,52847,12516
8600000US12517,12517,ZCTA5 12517,60469,12517
8600000US12518,12518,ZCTA5 12518,76143,12518
8600000US12520,12520,ZCTA5 12520,89417,12520
8600000US12521,12521,ZCTA5 12521,68958,12521
8600000US12522,12522,ZCTA5 12522,53156,12522
8600000US12523,12523,ZCTA5 12523,64643,12523
8600000US12524,12524,ZCTA5 12524,75789,12524
8600000US12525,12525,ZCTA5 12525,74038,12525
8600000US12526,12526,ZCTA5 12526,64853,12526
8600000US12527,12527,ZCTA5 12527,,12527
8600000US12528,12528,ZCTA5 12528,62583,12528
8600000US12529,12529,ZCTA5 12529,62143,12529
8600000US12530,12530,ZCTA5 12530,16821,12530
8600000US12531,12531,ZCTA5 12531,81686,12531
8600000US12533,12533,ZCTA5 12533,101781,12533
8600000US12534,12534,ZCTA5 12534,45263,12534
8600000US12538,12538,ZCTA5 12538,72500,12538
8600000US12540,12540,ZCTA5 12540,102270,12540
8600000US12542,12542,ZCTA5 12542,64874,12542
8600000US12543,12543,ZCTA5 12543,59310,12543
8600000US12545,12545,ZCTA5 12545,67596,12545
8600000US12546,12546,ZCTA5 12546,61389,12546
8600000US12547,12547,ZCTA5 12547,69537,12547
8600000US12548,12548,ZCTA5 12548,56625,12548
8600000US12549,12549,ZCTA5 12549,83352,12549
8600000US12550,12550,ZCTA5 12550,56222,12550
8600000US12553,12553,ZCTA5 12553,70279,12553
8600000US12561,12561,ZCTA5 12561,66911,12561
8600000US12563,12563,ZCTA5 12563,83811,12563
8600000US12564,12564,ZCTA5 12564,81429,12564
8600000US12565,12565,ZCTA5 12565,41875,12565
8600000US12566,12566,ZCTA5 12566,79424,12566
8600000US12567,12567,ZCTA5 12567,64405,12567
8600000US12569,12569,ZCTA5 12569,73324,12569
8600000US12570,12570,ZCTA5 12570,100161,12570
8600000US12571,12571,ZCTA5 12571,69217,12571
8600000US12572,12572,ZCTA5 12572,69901,12572
8600000US12574,12574,ZCTA5 12574,85750,12574
8600000US12575,12575,ZCTA5 12575,120833,12575
8600000US12577,12577,ZCTA5 12577,77750,12577
8600000US12578,12578,ZCTA5 12578,79798,12578
8600000US12580,12580,ZCTA5 12580,72589,12580
8600000US12581,12581,ZCTA5 12581,74688,12581
8600000US12582,12582,ZCTA5 12582,94600,12582
8600000US12583,12583,ZCTA5 12583,58938,12583
8600000US12585,12585,ZCTA5 12585,115357,12585
8600000US12586,12586,ZCTA5 12586,68810,12586
8600000US12589,12589,ZCTA5 12589,81609,12589
8600000US12590,12590,ZCTA5 12590,80188,12590
8600000US12592,12592,ZCTA5 12592,60543,12592
8600000US12594,12594,ZCTA5 12594,66445,12594
8600000US12601,12601,ZCTA5 12601,40508,12601
8600000US12603,12603,ZCTA5 12603,75569,12603
8600000US12604,12604,ZCTA5 12604,,12604
8600000US12701,12701,ZCTA5 12701,32403,12701
8600000US12719,12719,ZCTA5 12719,51607,12719
8600000US12720,12720,ZCTA5 12720,78690,12720
8600000US12721,12721,ZCTA5 12721,58849,12721
8600000US12722,12722,ZCTA5 12722,,12722
8600000US12723,12723,ZCTA5 12723,54375,12723
8600000US12724,12724,ZCTA5 12724,60848,12724
8600000US12725,12725,ZCTA5 12725,43750,12725
8600000US12726,12726,ZCTA5 12726,59583,12726
8600000US12729,12729,ZCTA5 12729,51542,12729
8600000US12732,12732,ZCTA5 12732,40568,12732
8600000US12733,12733,ZCTA5 12733,44286,12733
8600000US12734,12734,ZCTA5 12734,62632,12734
8600000US12736,12736,ZCTA5 12736,35938,12736
8600000US12737,12737,ZCTA5 12737,65500,12737
8600000US12738,12738,ZCTA5 12738,75600,12738
8600000US12740,12740,ZCTA5 12740,59198,12740
8600000US12741,12741,ZCTA5 12741,30000,12741
8600000US12742,12742,ZCTA5 12742,40781,12742
8600000US12743,12743,ZCTA5 12743,51354,12743
8600000US12745,12745,ZCTA5 12745,64375,12745
8600000US12746,12746,ZCTA5 12746,83221,12746
8600000US12747,12747,ZCTA5 12747,62576,12747
8600000US12748,12748,ZCTA5 12748,59107,12748
8600000US12749,12749,ZCTA5 12749,46313,12749
8600000US12750,12750,ZCTA5 12750,74792,12750
8600000US12751,12751,ZCTA5 12751,49531,12751
8600000US12752,12752,ZCTA5 12752,50781,12752
8600000US12754,12754,ZCTA5 12754,39598,12754
8600000US12758,12758,ZCTA5 12758,53147,12758
8600000US12759,12759,ZCTA5 12759,25700,12759
8600000US12760,12760,ZCTA5 12760,50962,12760
8600000US12762,12762,ZCTA5 12762,39762,12762
8600000US12763,12763,ZCTA5 12763,58144,12763
8600000US12764,12764,ZCTA5 12764,51053,12764
8600000US12765,12765,ZCTA5 12765,68177,12765
8600000US12766,12766,ZCTA5 12766,70227,12766
8600000US12767,12767,ZCTA5 12767,111875,12767
8600000US12768,12768,ZCTA5 12768,41983,12768
8600000US12769,12769,ZCTA5 12769,,12769
8600000US12770,12770,ZCTA5 12770,49688,12770
8600000US12771,12771,ZCTA5 12771,46446,12771
8600000US12775,12775,ZCTA5 12775,89167,12775
8600000US12776,12776,ZCTA5 12776,57422,12776
8600000US12777,12777,ZCTA5 12777,73750,12777
8600000US12778,12778,ZCTA5 12778,,12778
8600000US12779,12779,ZCTA5 12779,37992,12779
8600000US12780,12780,ZCTA5 12780,36490,12780
8600000US12781,12781,ZCTA5 12781,58036,12781
8600000US12783,12783,ZCTA5 12783,59394,12783
8600000US12784,12784,ZCTA5 12784,,12784
8600000US12785,12785,ZCTA5 12785,48147,12785
8600000US12786,12786,ZCTA5 12786,44201,12786
8600000US12787,12787,ZCTA5 12787,58365,12787
8600000US12788,12788,ZCTA5 12788,40139,12788
8600000US12789,12789,ZCTA5 12789,50114,12789
8600000US12790,12790,ZCTA5 12790,48951,12790
8600000US12791,12791,ZCTA5 12791,58380,12791
8600000US12792,12792,ZCTA5 12792,36563,12792
8600000US12801,12801,ZCTA5 12801,45395,12801
8600000US12803,12803,ZCTA5 12803,59438,12803
8600000US12804,12804,ZCTA5 12804,63120,12804
8600000US12808,12808,ZCTA5 12808,76458,12808
8600000US12809,12809,ZCTA5 12809,58125,12809
8600000US12810,12810,ZCTA5 12810,57500,12810
8600000US12811,12811,ZCTA5 12811,,12811
8600000US12812,12812,ZCTA5 12812,49583,12812
8600000US12814,12814,ZCTA5 12814,58176,12814
8600000US12815,12815,ZCTA5 12815,60458,12815
8600000US12816,12816,ZCTA5 12816,50417,12816
8600000US12817,12817,ZCTA5 12817,59861,12817
8600000US12819,12819,ZCTA5 12819,43839,12819
8600000US12821,12821,ZCTA5 12821,34000,12821
8600000US12822,12822,ZCTA5 12822,52578,12822
8600000US12823,12823,ZCTA5 12823,82639,12823
8600000US12824,12824,ZCTA5 12824,61650,12824
8600000US12827,12827,ZCTA5 12827,62917,12827
8600000US12828,12828,ZCTA5 12828,51250,12828
8600000US12831,12831,ZCTA5 12831,78505,12831
8600000US12832,12832,ZCTA5 12832,43918,12832
8600000US12833,12833,ZCTA5 12833,65898,12833
8600000US12834,12834,ZCTA5 12834,56104,12834
8600000US12835,12835,ZCTA5 12835,51148,12835
8600000US12836,12836,ZCTA5 12836,61739,12836
8600000US12837,12837,ZCTA5 12837,45446,12837
8600000US12838,12838,ZCTA5 12838,56250,12838
8600000US12839,12839,ZCTA5 12839,44350,12839
8600000US12841,12841,ZCTA5 12841,27500,12841
8600000US12842,12842,ZCTA5 12842,37321,12842
8600000US12843,12843,ZCTA5 12843,38393,12843
8600000US12844,12844,ZCTA5 12844,60000,12844
8600000US12845,12845,ZCTA5 12845,66710,12845
8600000US12846,12846,ZCTA5 12846,53112,12846
8600000US12847,12847,ZCTA5 12847,62917,12847
8600000US12849,12849,ZCTA5 12849,70263,12849
8600000US12850,12850,ZCTA5 12850,74622,12850
8600000US12851,12851,ZCTA5 12851,48036,12851
8600000US12852,12852,ZCTA5 12852,46094,12852
8600000US12853,12853,ZCTA5 12853,38906,12853
8600000US12855,12855,ZCTA5 12855,44583,12855
8600000US12856,12856,ZCTA5 12856,,12856
8600000US12857,12857,ZCTA5 12857,49397,12857
8600000US12858,12858,ZCTA5 12858,,12858
8600000US12859,12859,ZCTA5 12859,55776,12859
8600000US12860,12860,ZCTA5 12860,38043,12860
8600000US12861,12861,ZCTA5 12861,63125,12861
8600000US12862,12862,ZCTA5 12862,,12862
8600000US12863,12863,ZCTA5 12863,69125,12863
8600000US12864,12864,ZCTA5 12864,,12864
8600000US12865,12865,ZCTA5 12865,57000,12865
8600000US12866,12866,ZCTA5 12866,70515,12866
8600000US12870,12870,ZCTA5 12870,55938,12870
8600000US12871,12871,ZCTA5 12871,64653,12871
8600000US12872,12872,ZCTA5 12872,28750,12872
8600000US12873,12873,ZCTA5 12873,48750,12873
8600000US12874,12874,ZCTA5 12874,69583,12874
8600000US12878,12878,ZCTA5 12878,50500,12878
8600000US12883,12883,ZCTA5 12883,52936,12883
8600000US12884,12884,ZCTA5 12884,46250,12884
8600000US12885,12885,ZCTA5 12885,53232,12885
8600000US12886,12886,ZCTA5 12886,,12886
8600000US12887,12887,ZCTA5 12887,47440,12887
8600000US12901,12901,ZCTA5 12901,43642,12901
8600000US12903,12903,ZCTA5 12903,50583,12903
8600000US12910,12910,ZCTA5 12910,56447,12910
8600000US12911,12911,ZCTA5 12911,,12911
8600000US12912,12912,ZCTA5 12912,50714,12912
8600000US12913,12913,ZCTA5 12913,55761,12913
8600000US12914,12914,ZCTA5 12914,50208,12914
8600000US12916,12916,ZCTA5 12916,55865,12916
8600000US12917,12917,ZCTA5 12917,55417,12917
8600000US12918,12918,ZCTA5 12918,58906,12918
8600000US12919,12919,ZCTA5 12919,42226,12919
8600000US12920,12920,ZCTA5 12920,50150,12920
8600000US12921,12921,ZCTA5 12921,63750,12921
8600000US12922,12922,ZCTA5 12922,53125,12922
8600000US12923,12923,ZCTA5 12923,40375,12923
8600000US12924,12924,ZCTA5 12924,39479,12924
8600000US12926,12926,ZCTA5 12926,50500,12926
8600000US12927,12927,ZCTA5 12927,43750,12927
8600000US12928,12928,ZCTA5 12928,44669,12928
8600000US12929,12929,ZCTA5 12929,45795,12929
8600000US12930,12930,ZCTA5 12930,45357,12930
8600000US12932,12932,ZCTA5 12932,46875,12932
8600000US12933,12933,ZCTA5 12933,,12933
8600000US12934,12934,ZCTA5 12934,38393,12934
8600000US12935,12935,ZCTA5 12935,48514,12935
8600000US12936,12936,ZCTA5 12936,60147,12936
8600000US12937,12937,ZCTA5 12937,40719,12937
8600000US12939,12939,ZCTA5 12939,54688,12939
8600000US12941,12941,ZCTA5 12941,61250,12941
8600000US12942,12942,ZCTA5 12942,47050,12942
8600000US12943,12943,ZCTA5 12943,51591,12943
8600000US12944,12944,ZCTA5 12944,47197,12944
8600000US12945,12945,ZCTA5 12945,71250,12945
8600000US12946,12946,ZCTA5 12946,55917,12946
8600000US12950,12950,ZCTA5 12950,46667,12950
8600000US12952,12952,ZCTA5 12952,42813,12952
8600000US12953,12953,ZCTA5 12953,48684,12953
8600000US12955,12955,ZCTA5 12955,64018,12955
8600000US12956,12956,ZCTA5 12956,65125,12956
8600000US12957,12957,ZCTA5 12957,34783,12957
8600000US12958,12958,ZCTA5 12958,40456,12958
8600000US12959,12959,ZCTA5 12959,44286,12959
8600000US12960,12960,ZCTA5 12960,75781,12960
8600000US12961,12961,ZCTA5 12961,,12961
8600000US12962,12962,ZCTA5 12962,68852,12962
8600000US12964,12964,ZCTA5 12964,,12964
8600000US12965,12965,ZCTA5 12965,38542,12965
8600000US12966,12966,ZCTA5 12966,42200,12966
8600000US12967,12967,ZCTA5 12967,44145,12967
8600000US12969,12969,ZCTA5 12969,40250,12969
8600000US12970,12970,ZCTA5 12970,45000,12970
8600000US12972,12972,ZCTA5 12972,66141,12972
8600000US12973,12973,ZCTA5 12973,60000,12973
8600000US12974,12974,ZCTA5 12974,40500,12974
8600000US12975,12975,ZCTA5 12975,70509,12975
8600000US12976,12976,ZCTA5 12976,61250,12976
8600000US12977,12977,ZCTA5 12977,,12977
8600000US12978,12978,ZCTA5 12978,,12978
8600000US12979,12979,ZCTA5 12979,64417,12979
8600000US12980,12980,ZCTA5 12980,40774,12980
8600000US12981,12981,ZCTA5 12981,54886,12981
8600000US12983,12983,ZCTA5 12983,50833,12983
8600000US12985,12985,ZCTA5 12985,39722,12985
8600000US12986,12986,ZCTA5 12986,50958,12986
8600000US12987,12987,ZCTA5 12987,33942,12987
8600000US12989,12989,ZCTA5 12989,62656,12989
8600000US12992,12992,ZCTA5 12992,50403,12992
8600000US12993,12993,ZCTA5 12993,43704,12993
8600000US12996,12996,ZCTA5 12996,44643,12996
8600000US12997,12997,ZCTA5 12997,65850,12997
8600000US12998,12998,ZCTA5 12998,27684,12998
8600000US13020,13020,ZCTA5 13020,45750,13020
8600000US13021,13021,ZCTA5 13021,47486,13021
8600000US13024,13024,ZCTA5 13024,,13024
8600000US13026,13026,ZCTA5 13026,65750,13026
8600000US13027,13027,ZCTA5 13027,69368,13027
8600000US13028,13028,ZCTA5 13028,40000,13028
8600000US13029,13029,ZCTA5 13029,68729,13029
8600000US13030,13030,ZCTA5 13030,60871,13030
8600000US13031,13031,ZCTA5 13031,70259,13031
8600000US13032,13032,ZCTA5 13032,51581,13032
8600000US13033,13033,ZCTA5 13033,60326,13033
8600000US13034,13034,ZCTA5 13034,57000,13034
8600000US13035,13035,ZCTA5 13035,70168,13035
8600000US13036,13036,ZCTA5 13036,51722,13036
8600000US13037,13037,ZCTA5 13037,64508,13037
8600000US13039,13039,ZCTA5 13039,79474,13039
8600000US13040,13040,ZCTA5 13040,46369,13040
8600000US13041,13041,ZCTA5 13041,78929,13041
8600000US13042,13042,ZCTA5 13042,55625,13042
8600000US13044,13044,ZCTA5 13044,61027,13044
8600000US13045,13045,ZCTA5 13045,46204,13045
8600000US13051,13051,ZCTA5 13051,,13051
8600000US13052,13052,ZCTA5 13052,53958,13052
8600000US13053,13053,ZCTA5 13053,62917,13053
8600000US13054,13054,ZCTA5 13054,51897,13054
8600000US13057,13057,ZCTA5 13057,55848,13057
8600000US13060,13060,ZCTA5 13060,57083,13060
8600000US13061,13061,ZCTA5 13061,59861,13061
8600000US13062,13062,ZCTA5 13062,,13062
8600000US13063,13063,ZCTA5 13063,78352,13063
8600000US13064,13064,ZCTA5 13064,,13064
8600000US13066,13066,ZCTA5 13066,77004,13066
8600000US13068,13068,ZCTA5 13068,65813,13068
8600000US13069,13069,ZCTA5 13069,43858,13069
8600000US13071,13071,ZCTA5 13071,63750,13071
8600000US13072,13072,ZCTA5 13072,50938,13072
8600000US13073,13073,ZCTA5 13073,54133,13073
8600000US13074,13074,ZCTA5 13074,50992,13074
8600000US13076,13076,ZCTA5 13076,51694,13076
8600000US13077,13077,ZCTA5 13077,57366,13077
8600000US13078,13078,ZCTA5 13078,83558,13078
8600000US13080,13080,ZCTA5 13080,58889,13080
8600000US13081,13081,ZCTA5 13081,58173,13081
8600000US13082,13082,ZCTA5 13082,58077,13082
8600000US13083,13083,ZCTA5 13083,49952,13083
8600000US13084,13084,ZCTA5 13084,66513,13084
8600000US13087,13087,ZCTA5 13087,133750,13087
8600000US13088,13088,ZCTA5 13088,53091,13088
8600000US13090,13090,ZCTA5 13090,68411,13090
8600000US13092,13092,ZCTA5 13092,63125,13092
8600000US13101,13101,ZCTA5 13101,60344,13101
8600000US13102,13102,ZCTA5 13102,,13102
8600000US13103,13103,ZCTA5 13103,,13103
8600000US13104,13104,ZCTA5 13104,99631,13104
8600000US13108,13108,ZCTA5 13108,75278,13108
8600000US13110,13110,ZCTA5 13110,70769,13110
8600000US13111,13111,ZCTA5 13111,52019,13111
8600000US13112,13112,ZCTA5 13112,55000,13112
8600000US13113,13113,ZCTA5 13113,61875,13113
8600000US13114,13114,ZCTA5 13114,52188,13114
8600000US13115,13115,ZCTA5 13115,40833,13115
8600000US13116,13116,ZCTA5 13116,59209,13116
8600000US13117,13117,ZCTA5 13117,54750,13117
8600000US13118,13118,ZCTA5 13118,56375,13118
8600000US13120,13120,ZCTA5 13120,55795,13120
8600000US13122,13122,ZCTA5 13122,61518,13122
8600000US13123,13123,ZCTA5 13123,66875,13123
8600000US13124,13124,ZCTA5 13124,46094,13124
8600000US13126,13126,ZCTA5 13126,47467,13126
8600000US13131,13131,ZCTA5 13131,51847,13131
8600000US13132,13132,ZCTA5 13132,57688,13132
8600000US13134,13134,ZCTA5 13134,44583,13134
8600000US13135,13135,ZCTA5 13135,49576,13135
8600000US13136,13136,ZCTA5 13136,42212,13136
8600000US13138,13138,ZCTA5 13138,,13138
8600000US13140,13140,ZCTA5 13140,49681,13140
8600000US13141,13141,ZCTA5 13141,44853,13141
8600000US13142,13142,ZCTA5 13142,45542,13142
8600000US13143,13143,ZCTA5 13143,46944,13143
8600000US13144,13144,ZCTA5 13144,43404,13144
8600000US13145,13145,ZCTA5 13145,44313,13145
8600000US13146,13146,ZCTA5 13146,44954,13146
8600000US13147,13147,ZCTA5 13147,66875,13147
8600000US13148,13148,ZCTA5 13148,49393,13148
8600000US13152,13152,ZCTA5 13152,86380,13152
8600000US13153,13153,ZCTA5 13153,47250,13153
8600000US13155,13155,ZCTA5 13155,45179,13155
8600000US13156,13156,ZCTA5 13156,55773,13156
8600000US13157,13157,ZCTA5 13157,39750,13157
8600000US13158,13158,ZCTA5 13158,45500,13158
8600000US13159,13159,ZCTA5 13159,72745,13159
8600000US13160,13160,ZCTA5 13160,64630,13160
8600000US13162,13162,ZCTA5 13162,81571,13162
8600000US13163,13163,ZCTA5 13163,49444,13163
8600000US13164,13164,ZCTA5 13164,72750,13164
8600000US13165,13165,ZCTA5 13165,48344,13165
8600000US13166,13166,ZCTA5 13166,56628,13166
8600000US13167,13167,ZCTA5 13167,51250,13167
8600000US13202,13202,ZCTA5 13202,15565,13202
8600000US13203,13203,ZCTA5 13203,30731,13203
8600000US13204,13204,ZCTA5 13204,28220,13204
8600000US13205,13205,ZCTA5 13205,30284,13205
8600000US13206,13206,ZCTA5 13206,38264,13206
8600000US13207,13207,ZCTA5 13207,44741,13207
8600000US13208,13208,ZCTA5 13208,32526,13208
8600000US13209,13209,ZCTA5 13209,52218,13209
8600000US13210,13210,ZCTA5 13210,25229,13210
8600000US13211,13211,ZCTA5 13211,44579,13211
8600000US13212,13212,ZCTA5 13212,51997,13212
8600000US13214,13214,ZCTA5 13214,68424,13214
8600000US13215,13215,ZCTA5 13215,82421,13215
8600000US13219,13219,ZCTA5 13219,59590,13219
8600000US13224,13224,ZCTA5 13224,51591,13224
8600000US13290,13290,ZCTA5 13290,,13290
8600000US13301,13301,ZCTA5 13301,74107,13301
8600000US13302,13302,ZCTA5 13302,48594,13302
8600000US13303,13303,ZCTA5 13303,64107,13303
8600000US13304,13304,ZCTA5 13304,80469,13304
8600000US13305,13305,ZCTA5 13305,90000,13305
8600000US13308,13308,ZCTA5 13308,40585,13308
8600000US13309,13309,ZCTA5 13309,53829,13309
8600000US13310,13310,ZCTA5 13310,48188,13310
8600000US13312,13312,ZCTA5 13312,40882,13312
8600000US13313,13313,ZCTA5 13313,38438,13313
8600000US13314,13314,ZCTA5 13314,43542,13314
8600000US13315,13315,ZCTA5 13315,49861,13315
8600000US13316,13316,ZCTA5 13316,44719,13316
8600000US13317,13317,ZCTA5 13317,50900,13317
8600000US13318,13318,ZCTA5 13318,58864,13318
8600000US13319,13319,ZCTA5 13319,40833,13319
8600000US13320,13320,ZCTA5 13320,55781,13320
8600000US13321,13321,ZCTA5 13321,50168,13321
8600000US13322,13322,ZCTA5 13322,45368,13322
8600000US13323,13323,ZCTA5 13323,63169,13323
8600000US13324,13324,ZCTA5 13324,37267,13324
8600000US13325,13325,ZCTA5 13325,50391,13325
8600000US13326,13326,ZCTA5 13326,60268,13326
8600000US13327,13327,ZCTA5 13327,43676,13327
8600000US13328,13328,ZCTA5 13328,55313,13328
8600000US13329,13329,ZCTA5 13329,43295,13329
8600000US13331,13331,ZCTA5 13331,74063,13331
8600000US13332,13332,ZCTA5 13332,44114,13332
8600000US13333,13333,ZCTA5 13333,60125,13333
8600000US13334,13334,ZCTA5 13334,53750,13334
8600000US13335,13335,ZCTA5 13335,57292,13335
8600000US13337,13337,ZCTA5 13337,51932,13337
8600000US13338,13338,ZCTA5 13338,47721,13338
8600000US13339,13339,ZCTA5 13339,42936,13339
8600000US13340,13340,ZCTA5 13340,45429,13340
8600000US13341,13341,ZCTA5 13341,107938,13341
8600000US13342,13342,ZCTA5 13342,56667,13342
8600000US13343,13343,ZCTA5 13343,51576,13343
8600000US13345,13345,ZCTA5 13345,,13345
8600000US13346,13346,ZCTA5 13346,70227,13346
8600000US13348,13348,ZCTA5 13348,42604,13348
8600000US13350,13350,ZCTA5 13350,43988,13350
8600000US13352,13352,ZCTA5 13352,,13352
8600000US13353,13353,ZCTA5 13353,34375,13353
8600000US13354,13354,ZCTA5 13354,69788,13354
8600000US13355,13355,ZCTA5 13355,42672,13355
8600000US13357,13357,ZCTA5 13357,42627,13357
8600000US13360,13360,ZCTA5 13360,41406,13360
8600000US13361,13361,ZCTA5 13361,51500,13361
8600000US13362,13362,ZCTA5 13362,,13362
8600000US13363,13363,ZCTA5 13363,58947,13363
8600000US13364,13364,ZCTA5 13364,40625,13364
8600000US13365,13365,ZCTA5 13365,43922,13365
8600000US13367,13367,ZCTA5 13367,54543,13367
8600000US13368,13368,ZCTA5 13368,45772,13368
8600000US13402,13402,ZCTA5 13402,47500,13402
8600000US13403,13403,ZCTA5 13403,81071,13403
8600000US13404,13404,ZCTA5 13404,32500,13404
8600000US13406,13406,ZCTA5 13406,54196,13406
8600000US13407,13407,ZCTA5 13407,48417,13407
8600000US13408,13408,ZCTA5 13408,49167,13408
8600000US13409,13409,ZCTA5 13409,53631,13409
8600000US13410,13410,ZCTA5 13410,53000,13410
8600000US13411,13411,ZCTA5 13411,40688,13411
8600000US13413,13413,ZCTA5 13413,68184,13413
8600000US13415,13415,ZCTA5 13415,41250,13415
8600000US13416,13416,ZCTA5 13416,56307,13416
8600000US13417,13417,ZCTA5 13417,31289,13417
8600000US13418,13418,ZCTA5 13418,53750,13418
8600000US13420,13420,ZCTA5 13420,59750,13420
8600000US13421,13421,ZCTA5 13421,46810,13421
8600000US13424,13424,ZCTA5 13424,56489,13424
8600000US13425,13425,ZCTA5 13425,49118,13425
8600000US13428,13428,ZCTA5 13428,46297,13428
8600000US13431,13431,ZCTA5 13431,60543,13431
8600000US13433,13433,ZCTA5 13433,44103,13433
8600000US13435,13435,ZCTA5 13435,46250,13435
8600000US13436,13436,ZCTA5 13436,53750,13436
8600000US13437,13437,ZCTA5 13437,47917,13437
8600000US13438,13438,ZCTA5 13438,51471,13438
8600000US13439,13439,ZCTA5 13439,47000,13439
8600000US13440,13440,ZCTA5 13440,48906,13440
8600000US13441,13441,ZCTA5 13441,,13441
8600000US13450,13450,ZCTA5 13450,50179,13450
8600000US13452,13452,ZCTA5 13452,40331,13452
8600000US13454,13454,ZCTA5 13454,36125,13454
8600000US13456,13456,ZCTA5 13456,63922,13456
8600000US13459,13459,ZCTA5 13459,47348,13459
8600000US13460,13460,ZCTA5 13460,44875,13460
8600000US13461,13461,ZCTA5 13461,55943,13461
8600000US13464,13464,ZCTA5 13464,44500,13464
8600000US13468,13468,ZCTA5 13468,46000,13468
8600000US13469,13469,ZCTA5 13469,70000,13469
8600000US13470,13470,ZCTA5 13470,41339,13470
8600000US13471,13471,ZCTA5 13471,50402,13471
8600000US13472,13472,ZCTA5 13472,72167,13472
8600000US13473,13473,ZCTA5 13473,56500,13473
8600000US13475,13475,ZCTA5 13475,,13475
8600000US13476,13476,ZCTA5 13476,51563,13476
8600000US13477,13477,ZCTA5 13477,46375,13477
8600000US13478,13478,ZCTA5 13478,59516,13478
8600000US13480,13480,ZCTA5 13480,46146,13480
8600000US13483,13483,ZCTA5 13483,42188,13483
8600000US13484,13484,ZCTA5 13484,92796,13484
8600000US13485,13485,ZCTA5 13485,40078,13485
8600000US13486,13486,ZCTA5 13486,55583,13486
8600000US13488,13488,ZCTA5 13488,62813,13488
8600000US13489,13489,ZCTA5 13489,50750,13489
8600000US13490,13490,ZCTA5 13490,67500,13490
8600000US13491,13491,ZCTA5 13491,56181,13491
8600000US13492,13492,ZCTA5 13492,61058,13492
8600000US13493,13493,ZCTA5 13493,51532,13493
8600000US13494,13494,ZCTA5 13494,45250,13494
8600000US13495,13495,ZCTA5 13495,52500,13495
8600000US13501,13501,ZCTA5 13501,31945,13501
8600000US13502,13502,ZCTA5 13502,35340,13502
8600000US13601,13601,ZCTA5 13601,45971,13601
8600000US13602,13602,ZCTA5 13602,51364,13602
8600000US13603,13603,ZCTA5 13603,41929,13603
8600000US13605,13605,ZCTA5 13605,49142,13605
8600000US13606,13606,ZCTA5 13606,54522,13606
8600000US13607,13607,ZCTA5 13607,43615,13607
8600000US13608,13608,ZCTA5 13608,50882,13608
8600000US13612,13612,ZCTA5 13612,60567,13612
8600000US13613,13613,ZCTA5 13613,42875,13613
8600000US13614,13614,ZCTA5 13614,35625,13614
8600000US13615,13615,ZCTA5 13615,54830,13615
8600000US13616,13616,ZCTA5 13616,45179,13616
8600000US13617,13617,ZCTA5 13617,50213,13617
8600000US13618,13618,ZCTA5 13618,51157,13618
8600000US13619,13619,ZCTA5 13619,53144,13619
8600000US13620,13620,ZCTA5 13620,43889,13620
8600000US13621,13621,ZCTA5 13621,37188,13621
8600000US13622,13622,ZCTA5 13622,55123,13622
8600000US13623,13623,ZCTA5 13623,78750,13623
8600000US13624,13624,ZCTA5 13624,59559,13624
8600000US13625,13625,ZCTA5 13625,49833,13625
8600000US13626,13626,ZCTA5 13626,51471,13626
8600000US13628,13628,ZCTA5 13628,45000,13628
8600000US13630,13630,ZCTA5 13630,55750,13630
8600000US13633,13633,ZCTA5 13633,67625,13633
8600000US13634,13634,ZCTA5 13634,53995,13634
8600000US13635,13635,ZCTA5 13635,34345,13635
8600000US13636,13636,ZCTA5 13636,57000,13636
8600000US13637,13637,ZCTA5 13637,51956,13637
8600000US13638,13638,ZCTA5 13638,38750,13638
8600000US13639,13639,ZCTA5 13639,48750,13639
8600000US13640,13640,ZCTA5 13640,50536,13640
8600000US13641,13641,ZCTA5 13641,,13641
8600000US13642,13642,ZCTA5 13642,39383,13642
8600000US13643,13643,ZCTA5 13643,,13643
8600000US13646,13646,ZCTA5 13646,41696,13646
8600000US13647,13647,ZCTA5 13647,99423,13647
8600000US13648,13648,ZCTA5 13648,47031,13648
8600000US13650,13650,ZCTA5 13650,56324,13650
8600000US13651,13651,ZCTA5 13651,79545,13651
8600000US13652,13652,ZCTA5 13652,44167,13652
8600000US13654,13654,ZCTA5 13654,43490,13654
8600000US13655,13655,ZCTA5 13655,31881,13655
8600000US13656,13656,ZCTA5 13656,52949,13656
8600000US13658,13658,ZCTA5 13658,56227,13658
8600000US13659,13659,ZCTA5 13659,48646,13659
8600000US13660,13660,ZCTA5 13660,41979,13660
8600000US13661,13661,ZCTA5 13661,59063,13661
8600000US13662,13662,ZCTA5 13662,41889,13662
8600000US13664,13664,ZCTA5 13664,60313,13664
8600000US13665,13665,ZCTA5 13665,60106,13665
8600000US13666,13666,ZCTA5 13666,24844,13666
8600000US13667,13667,ZCTA5 13667,39698,13667
8600000US13668,13668,ZCTA5 13668,46356,13668
8600000US13669,13669,ZCTA5 13669,42129,13669
8600000US13670,13670,ZCTA5 13670,40313,13670
8600000US13672,13672,ZCTA5 13672,48417,13672
8600000US13673,13673,ZCTA5 13673,48589,13673
8600000US13674,13674,ZCTA5 13674,,13674
8600000US13675,13675,ZCTA5 13675,,13675
8600000US13676,13676,ZCTA5 13676,50271,13676
8600000US13677,13677,ZCTA5 13677,,13677
8600000US13678,13678,ZCTA5 13678,,13678
8600000US13679,13679,ZCTA5 13679,47988,13679
8600000US13680,13680,ZCTA5 13680,33681,13680
8600000US13681,13681,ZCTA5 13681,46125,13681
8600000US13682,13682,ZCTA5 13682,65625,13682
8600000US13684,13684,ZCTA5 13684,46250,13684
8600000US13685,13685,ZCTA5 13685,56875,13685
8600000US13687,13687,ZCTA5 13687,43693,13687
8600000US13690,13690,ZCTA5 13690,40500,13690
8600000US13691,13691,ZCTA5 13691,56793,13691
8600000US13692,13692,ZCTA5 13692,59803,13692
8600000US13693,13693,ZCTA5 13693,46875,13693
8600000US13694,13694,ZCTA5 13694,70134,13694
8600000US13695,13695,ZCTA5 13695,95156,13695
8600000US13696,13696,ZCTA5 13696,,13696
8600000US13697,13697,ZCTA5 13697,37212,13697
8600000US13730,13730,ZCTA5 13730,45600,13730
8600000US13731,13731,ZCTA5 13731,46842,13731
8600000US13732,13732,ZCTA5 13732,77775,13732
8600000US13733,13733,ZCTA5 13733,49859,13733
8600000US13734,13734,ZCTA5 13734,58333,13734
8600000US13736,13736,ZCTA5 13736,60500,13736
8600000US13739,13739,ZCTA5 13739,50469,13739
8600000US13740,13740,ZCTA5 13740,50938,13740
8600000US13743,13743,ZCTA5 13743,52622,13743
8600000US13744,13744,ZCTA5 13744,55395,13744
8600000US13746,13746,ZCTA5 13746,51793,13746
8600000US13748,13748,ZCTA5 13748,46570,13748
8600000US13750,13750,ZCTA5 13750,37750,13750
8600000US13751,13751,ZCTA5 13751,37917,13751
8600000US13752,13752,ZCTA5 13752,43167,13752
8600000US13753,13753,ZCTA5 13753,49693,13753
8600000US13754,13754,ZCTA5 13754,44282,13754
8600000US13755,13755,ZCTA5 13755,33393,13755
8600000US13756,13756,ZCTA5 13756,46198,13756
8600000US13757,13757,ZCTA5 13757,52056,13757
8600000US13760,13760,ZCTA5 13760,52598,13760
8600000US13774,13774,ZCTA5 13774,71071,13774
8600000US13775,13775,ZCTA5 13775,47750,13775
8600000US13776,13776,ZCTA5 13776,50625,13776
8600000US13777,13777,ZCTA5 13777,53125,13777
8600000US13778,13778,ZCTA5 13778,55410,13778
8600000US13780,13780,ZCTA5 13780,47163,13780
8600000US13782,13782,ZCTA5 13782,47292,13782
8600000US13783,13783,ZCTA5 13783,39342,13783
8600000US13784,13784,ZCTA5 13784,38125,13784
8600000US13786,13786,ZCTA5 13786,51797,13786
8600000US13787,13787,ZCTA5 13787,39634,13787
8600000US13788,13788,ZCTA5 13788,51382,13788
8600000US13790,13790,ZCTA5 13790,39803,13790
8600000US13794,13794,ZCTA5 13794,84375,13794
8600000US13795,13795,ZCTA5 13795,50299,13795
8600000US13796,13796,ZCTA5 13796,51875,13796
8600000US13797,13797,ZCTA5 13797,48533,13797
8600000US13801,13801,ZCTA5 13801,36691,13801
8600000US13802,13802,ZCTA5 13802,56071,13802
8600000US13803,13803,ZCTA5 13803,55195,13803
8600000US13804,13804,ZCTA5 13804,54432,13804
8600000US13806,13806,ZCTA5 13806,62955,13806
8600000US13807,13807,ZCTA5 13807,56136,13807
8600000US13808,13808,ZCTA5 13808,48068,13808
8600000US13809,13809,ZCTA5 13809,50069,13809
8600000US13810,13810,ZCTA5 13810,34688,13810
8600000US13811,13811,ZCTA5 13811,52500,13811
8600000US13812,13812,ZCTA5 13812,48359,13812
8600000US13813,13813,ZCTA5 13813,42768,13813
8600000US13815,13815,ZCTA5 13815,44647,13815
8600000US13820,13820,ZCTA5 13820,44614,13820
8600000US13825,13825,ZCTA5 13825,50515,13825
8600000US13826,13826,ZCTA5 13826,,13826
8600000US13827,13827,ZCTA5 13827,59730,13827
8600000US13830,13830,ZCTA5 13830,46742,13830
8600000US13832,13832,ZCTA5 13832,33415,13832
8600000US13833,13833,ZCTA5 13833,47399,13833
8600000US13834,13834,ZCTA5 13834,,13834
8600000US13835,13835,ZCTA5 13835,44750,13835
8600000US13838,13838,ZCTA5 13838,34753,13838
8600000US13839,13839,ZCTA5 13839,44000,13839
8600000US13841,13841,ZCTA5 13841,43250,13841
8600000US13842,13842,ZCTA5 13842,77778,13842
8600000US13843,13843,ZCTA5 13843,44178,13843
8600000US13844,13844,ZCTA5 13844,41750,13844
8600000US13845,13845,ZCTA5 13845,,13845
8600000US13846,13846,ZCTA5 13846,45625,13846
8600000US13847,13847,ZCTA5 13847,,13847
8600000US13849,13849,ZCTA5 13849,42226,13849
8600000US13850,13850,ZCTA5 13850,61546,13850
8600000US13856,13856,ZCTA5 13856,38086,13856
8600000US13859,13859,ZCTA5 13859,63021,13859
8600000US13860,13860,ZCTA5 13860,,13860
8600000US13861,13861,ZCTA5 13861,,13861
8600000US13862,13862,ZCTA5 13862,59963,13862
8600000US13863,13863,ZCTA5 13863,56094,13863
8600000US13864,13864,ZCTA5 13864,39057,13864
8600000US13865,13865,ZCTA5 13865,60399,13865
8600000US13901,13901,ZCTA5 13901,41921,13901
8600000US13902,13902,ZCTA5 13902,,13902
8600000US13903,13903,ZCTA5 13903,41556,13903
8600000US13904,13904,ZCTA5 13904,41738,13904
8600000US13905,13905,ZCTA5 13905,35046,13905
8600000US14001,14001,ZCTA5 14001,54698,14001
8600000US14004,14004,ZCTA5 14004,66089,14004
8600000US14005,14005,ZCTA5 14005,59318,14005
8600000US14006,14006,ZCTA5 14006,53642,14006
8600000US14008,14008,ZCTA5 14008,55625,14008
8600000US14009,14009,ZCTA5 14009,44464,14009
8600000US14011,14011,ZCTA5 14011,60307,14011
8600000US14012,14012,ZCTA5 14012,52045,14012
8600000US14013,14013,ZCTA5 14013,48833,14013
8600000US14020,14020,ZCTA5 14020,44864,14020
8600000US14024,14024,ZCTA5 14024,59338,14024
8600000US14025,14025,ZCTA5 14025,62073,14025
8600000US14026,14026,ZCTA5 14026,79563,14026
8600000US14028,14028,ZCTA5 14028,60625,14028
8600000US14030,14030,ZCTA5 14030,56932,14030
8600000US14031,14031,ZCTA5 14031,69530,14031
8600000US14032,14032,ZCTA5 14032,99194,14032
8600000US14033,14033,ZCTA5 14033,86708,14033
8600000US14034,14034,ZCTA5 14034,55000,14034
8600000US14035,14035,ZCTA5 14035,,14035
8600000US14036,14036,ZCTA5 14036,55744,14036
8600000US14037,14037,ZCTA5 14037,68056,14037
8600000US14039,14039,ZCTA5 14039,48750,14039
8600000US14040,14040,ZCTA5 14040,63214,14040
8600000US14041,14041,ZCTA5 14041,47000,14041
8600000US14042,14042,ZCTA5 14042,35156,14042
8600000US14043,14043,ZCTA5 14043,51318,14043
8600000US14047,14047,ZCTA5 14047,58148,14047
8600000US14048,14048,ZCTA5 14048,40804,14048
8600000US14051,14051,ZCTA5 14051,107500,14051
8600000US14052,14052,ZCTA5 14052,75750,14052
8600000US14054,14054,ZCTA5 14054,55375,14054
8600000US14055,14055,ZCTA5 14055,63242,14055
8600000US14057,14057,ZCTA5 14057,63497,14057
8600000US14058,14058,ZCTA5 14058,67155,14058
8600000US14059,14059,ZCTA5 14059,78322,14059
8600000US14060,14060,ZCTA5 14060,,14060
8600000US14061,14061,ZCTA5 14061,59545,14061
8600000US14062,14062,ZCTA5 14062,50469,14062
8600000US14063,14063,ZCTA5 14063,49596,14063
8600000US14065,14065,ZCTA5 14065,42143,14065
8600000US14066,14066,ZCTA5 14066,50455,14066
8600000US14067,14067,ZCTA5 14067,48246,14067
8600000US14068,14068,ZCTA5 14068,59262,14068
8600000US14069,14069,ZCTA5 14069,41042,14069
8600000US14070,14070,ZCTA5 14070,42575,14070
8600000US14072,14072,ZCTA5 14072,78597,14072
8600000US14075,14075,ZCTA5 14075,62963,14075
8600000US14080,14080,ZCTA5 14080,61920,14080
8600000US14081,14081,ZCTA5 14081,57019,14081
8600000US14082,14082,ZCTA5 14082,44063,14082
8600000US14085,14085,ZCTA5 14085,85536,14085
8600000US14086,14086,ZCTA5 14086,77999,14086
8600000US14091,14091,ZCTA5 14091,61304,14091
8600000US14092,14092,ZCTA5 14092,67500,14092
8600000US14094,14094,ZCTA5 14094,51787,14094
8600000US14098,14098,ZCTA5 14098,54148,14098
8600000US14101,14101,ZCTA5 14101,53125,14101
8600000US14102,14102,ZCTA5 14102,95083,14102
8600000US14103,14103,ZCTA5 14103,45235,14103
8600000US14105,14105,ZCTA5 14105,62985,14105
8600000US14108,14108,ZCTA5 14108,50352,14108
8600000US14109,14109,ZCTA5 14109,,14109
8600000US14111,14111,ZCTA5 14111,54940,14111
8600000US14112,14112,ZCTA5 14112,,14112
8600000US14113,14113,ZCTA5 14113,41359,14113
8600000US14120,14120,ZCTA5 14120,56089,14120
8600000US14125,14125,ZCTA5 14125,54022,14125
8600000US14126,14126,ZCTA5 14126,55893,14126
8600000US14127,14127,ZCTA5 14127,84798,14127
8600000US14129,14129,ZCTA5 14129,43603,14129
8600000US14130,14130,ZCTA5 14130,47679,14130
8600000US14131,14131,ZCTA5 14131,68869,14131
8600000US14132,14132,ZCTA5 14132,60595,14132
8600000US14134,14134,ZCTA5 14134,83594,14134
8600000US14135,14135,ZCTA5 14135,43250,14135
8600000US14136,14136,ZCTA5 14136,43882,14136
8600000US14138,14138,ZCTA5 14138,47803,14138
8600000US14139,14139,ZCTA5 14139,71250,14139
8600000US14141,14141,ZCTA5 14141,51194,14141
8600000US14143,14143,ZCTA5 14143,54758,14143
8600000US14145,14145,ZCTA5 14145,56333,14145
8600000US14150,14150,ZCTA5 14150,51302,14150
8600000US14167,14167,ZCTA5 14167,59306,14167
8600000US14168,14168,ZCTA5 14168,,14168
8600000US14169,14169,ZCTA5 14169,32407,14169
8600000US14170,14170,ZCTA5 14170,68333,14170
8600000US14171,14171,ZCTA5 14171,44495,14171
8600000US14172,14172,ZCTA5 14172,56591,14172
8600000US14173,14173,ZCTA5 14173,34598,14173
8600000US14174,14174,ZCTA5 14174,66597,14174
8600000US14201,14201,ZCTA5 14201,25551,14201
8600000US14202,14202,ZCTA5 14202,42336,14202
8600000US14203,14203,ZCTA5 14203,31892,14203
8600000US14204,14204,ZCTA5 14204,26269,14204
8600000US14206,14206,ZCTA5 14206,35662,14206
8600000US14207,14207,ZCTA5 14207,24593,14207
8600000US14208,14208,ZCTA5 14208,24036,14208
8600000US14209,14209,ZCTA5 14209,31688,14209
8600000US14210,14210,ZCTA5 14210,33821,14210
8600000US14211,14211,ZCTA5 14211,23881,14211
8600000US14212,14212,ZCTA5 14212,23438,14212
8600000US14213,14213,ZCTA5 14213,28365,14213
8600000US14214,14214,ZCTA5 14214,39433,14214
8600000US14215,14215,ZCTA5 14215,31527,14215
8600000US14216,14216,ZCTA5 14216,50781,14216
8600000US14217,14217,ZCTA5 14217,50434,14217
8600000US14218,14218,ZCTA5 14218,36628,14218
8600000US14219,14219,ZCTA5 14219,48702,14219
8600000US14220,14220,ZCTA5 14220,47088,14220
8600000US14221,14221,ZCTA5 14221,77511,14221
8600000US14222,14222,ZCTA5 14222,52066,14222
8600000US14223,14223,ZCTA5 14223,59326,14223
8600000US14224,14224,ZCTA5 14224,59875,14224
8600000US14225,14225,ZCTA5 14225,47693,14225
8600000US14226,14226,ZCTA5 14226,61930,14226
8600000US14227,14227,ZCTA5 14227,48941,14227
8600000US14228,14228,ZCTA5 14228,48343,14228
8600000US14261,14261,ZCTA5 14261,,14261
8600000US14301,14301,ZCTA5 14301,21413,14301
8600000US14302,14302,ZCTA5 14302,,14302
8600000US14303,14303,ZCTA5 14303,29916,14303
8600000US14304,14304,ZCTA5 14304,50072,14304
8600000US14305,14305,ZCTA5 14305,32211,14305
8600000US14411,14411,ZCTA5 14411,41820,14411
8600000US14414,14414,ZCTA5 14414,57273,14414
8600000US14415,14415,ZCTA5 14415,37708,14415
8600000US14416,14416,ZCTA5 14416,49583,14416
8600000US14418,14418,ZCTA5 14418,59236,14418
8600000US14420,14420,ZCTA5 14420,52232,14420
8600000US14422,14422,ZCTA5 14422,63250,14422
8600000US14423,14423,ZCTA5 14423,53116,14423
8600000US14424,14424,ZCTA5 14424,53490,14424
8600000US14425,14425,ZCTA5 14425,63354,14425
8600000US14427,14427,ZCTA5 14427,51850,14427
8600000US14428,14428,ZCTA5 14428,59292,14428
8600000US14432,14432,ZCTA5 14432,52565,14432
8600000US14433,14433,ZCTA5 14433,51250,14433
8600000US14435,14435,ZCTA5 14435,60822,14435
8600000US14437,14437,ZCTA5 14437,44244,14437
8600000US14441,14441,ZCTA5 14441,50625,14441
8600000US14445,14445,ZCTA5 14445,48094,14445
8600000US14450,14450,ZCTA5 14450,76655,14450
8600000US14454,14454,ZCTA5 14454,42323,14454
8600000US14456,14456,ZCTA5 14456,45279,14456
8600000US14462,14462,ZCTA5 14462,52019,14462
8600000US14464,14464,ZCTA5 14464,57736,14464
8600000US14466,14466,ZCTA5 14466,55987,14466
8600000US14467,14467,ZCTA5 14467,74970,14467
8600000US14468,14468,ZCTA5 14468,65810,14468
8600000US14469,14469,ZCTA5 14469,60278,14469
8600000US14470,14470,ZCTA5 14470,46856,14470
8600000US14471,14471,ZCTA5 14471,62791,14471
8600000US14472,14472,ZCTA5 14472,85049,14472
8600000US14475,14475,ZCTA5 14475,84167,14475
8600000US14476,14476,ZCTA5 14476,52386,14476
8600000US14477,14477,ZCTA5 14477,54290,14477
8600000US14478,14478,ZCTA5 14478,91250,14478
8600000US14479,14479,ZCTA5 14479,,14479
8600000US14480,14480,ZCTA5 14480,38015,14480
8600000US14481,14481,ZCTA5 14481,52212,14481
8600000US14482,14482,ZCTA5 14482,52929,14482
8600000US14485,14485,ZCTA5 14485,48333,14485
8600000US14486,14486,ZCTA5 14486,59615,14486
8600000US14487,14487,ZCTA5 14487,65652,14487
8600000US14489,14489,ZCTA5 14489,46060,14489
8600000US14502,14502,ZCTA5 14502,67330,14502
8600000US14504,14504,ZCTA5 14504,53144,14504
8600000US14505,14505,ZCTA5 14505,58566,14505
8600000US14506,14506,ZCTA5 14506,102989,14506
8600000US14507,14507,ZCTA5 14507,58580,14507
8600000US14510,14510,ZCTA5 14510,46063,14510
8600000US14511,14511,ZCTA5 14511,45769,14511
8600000US14512,14512,ZCTA5 14512,52534,14512
8600000US14513,14513,ZCTA5 14513,37594,14513
8600000US14514,14514,ZCTA5 14514,63155,14514
8600000US14516,14516,ZCTA5 14516,56316,14516
8600000US14517,14517,ZCTA5 14517,40685,14517
8600000US14519,14519,ZCTA5 14519,59159,14519
8600000US14521,14521,ZCTA5 14521,45945,14521
8600000US14522,14522,ZCTA5 14522,46774,14522
8600000US14525,14525,ZCTA5 14525,65625,14525
8600000US14526,14526,ZCTA5 14526,81596,14526
8600000US14527,14527,ZCTA5 14527,46943,14527
8600000US14529,14529,ZCTA5 14529,,14529
8600000US14530,14530,ZCTA5 14530,50513,14530
8600000US14532,14532,ZCTA5 14532,53177,14532
8600000US14533,14533,ZCTA5 14533,60156,14533
8600000US14534,14534,ZCTA5 14534,104398,14534
8600000US14536,14536,ZCTA5 14536,42438,14536
8600000US14537,14537,ZCTA5 14537,67344,14537
8600000US14539,14539,ZCTA5 14539,70156,14539
8600000US14541,14541,ZCTA5 14541,56745,14541
8600000US14542,14542,ZCTA5 14542,,14542
8600000US14543,14543,ZCTA5 14543,81689,14543
8600000US14544,14544,ZCTA5 14544,56580,14544
8600000US14545,14545,ZCTA5 14545,56667,14545
8600000US14546,14546,ZCTA5 14546,56974,14546
8600000US14548,14548,ZCTA5 14548,55170,14548
8600000US14549,14549,ZCTA5 14549,31944,14549
8600000US14550,14550,ZCTA5 14550,54375,14550
8600000US14551,14551,ZCTA5 14551,47561,14551
8600000US14555,14555,ZCTA5 14555,49750,14555
8600000US14559,14559,ZCTA5 14559,74260,14559
8600000US14560,14560,ZCTA5 14560,54875,14560
8600000US14561,14561,ZCTA5 14561,64535,14561
8600000US14564,14564,ZCTA5 14564,86336,14564
8600000US14568,14568,ZCTA5 14568,74938,14568
8600000US14569,14569,ZCTA5 14569,46250,14569
8600000US14571,14571,ZCTA5 14571,46900,14571
8600000US14572,14572,ZCTA5 14572,41784,14572
8600000US14580,14580,ZCTA5 14580,71899,14580
8600000US14585,14585,ZCTA5 14585,42188,14585
8600000US14586,14586,ZCTA5 14586,77188,14586
8600000US14588,14588,ZCTA5 14588,83583,14588
8600000US14589,14589,ZCTA5 14589,50167,14589
8600000US14590,14590,ZCTA5 14590,44850,14590
8600000US14591,14591,ZCTA5 14591,58170,14591
8600000US14592,14592,ZCTA5 14592,83702,14592
8600000US14604,14604,ZCTA5 14604,14270,14604
8600000US14605,14605,ZCTA5 14605,18318,14605
8600000US14606,14606,ZCTA5 14606,37542,14606
8600000US14607,14607,ZCTA5 14607,41954,14607
8600000US14608,14608,ZCTA5 14608,20047,14608
8600000US14609,14609,ZCTA5 14609,41074,14609
8600000US14610,14610,ZCTA5 14610,59046,14610
8600000US14611,14611,ZCTA5 14611,24924,14611
8600000US14612,14612,ZCTA5 14612,61349,14612
8600000US14613,14613,ZCTA5 14613,28026,14613
8600000US14614,14614,ZCTA5 14614,,14614
8600000US14615,14615,ZCTA5 14615,36250,14615
8600000US14616,14616,ZCTA5 14616,46143,14616
8600000US14617,14617,ZCTA5 14617,60870,14617
8600000US14618,14618,ZCTA5 14618,89688,14618
8600000US14619,14619,ZCTA5 14619,36176,14619
8600000US14620,14620,ZCTA5 14620,40483,14620
8600000US14621,14621,ZCTA5 14621,24906,14621
8600000US14622,14622,ZCTA5 14622,49257,14622
8600000US14623,14623,ZCTA5 14623,47613,14623
8600000US14624,14624,ZCTA5 14624,60443,14624
8600000US14625,14625,ZCTA5 14625,72500,14625
8600000US14626,14626,ZCTA5 14626,53212,14626
8600000US14627,14627,ZCTA5 14627,,14627
8600000US14701,14701,ZCTA5 14701,36552,14701
8600000US14706,14706,ZCTA5 14706,50938,14706
8600000US14707,14707,ZCTA5 14707,57500,14707
8600000US14708,14708,ZCTA5 14708,57031,14708
8600000US14709,14709,ZCTA5 14709,44107,14709
8600000US14710,14710,ZCTA5 14710,52946,14710
8600000US14711,14711,ZCTA5 14711,42361,14711
8600000US14712,14712,ZCTA5 14712,48750,14712
8600000US14714,14714,ZCTA5 14714,42500,14714
8600000US14715,14715,ZCTA5 14715,39444,14715
8600000US14716,14716,ZCTA5 14716,34597,14716
8600000US14717,14717,ZCTA5 14717,40921,14717
8600000US14718,14718,ZCTA5 14718,56689,14718
8600000US14719,14719,ZCTA5 14719,45893,14719
8600000US14720,14720,ZCTA5 14720,39875,14720
8600000US14721,14721,ZCTA5 14721,,14721
8600000US14722,14722,ZCTA5 14722,95917,14722
8600000US14723,14723,ZCTA5 14723,48281,14723
8600000US14724,14724,ZCTA5 14724,48036,14724
8600000US14726,14726,ZCTA5 14726,34833,14726
8600000US14727,14727,ZCTA5 14727,48859,14727
8600000US14728,14728,ZCTA5 14728,47750,14728
8600000US14729,14729,ZCTA5 14729,55469,14729
8600000US14731,14731,ZCTA5 14731,61389,14731
8600000US14732,14732,ZCTA5 14732,54167,14732
8600000US14733,14733,ZCTA5 14733,41377,14733
8600000US14735,14735,ZCTA5 14735,38059,14735
8600000US14736,14736,ZCTA5 14736,42589,14736
8600000US14737,14737,ZCTA5 14737,42835,14737
8600000US14738,14738,ZCTA5 14738,47911,14738
8600000US14739,14739,ZCTA5 14739,36541,14739
8600000US14740,14740,ZCTA5 14740,51307,14740
8600000US14741,14741,ZCTA5 14741,53333,14741
8600000US14742,14742,ZCTA5 14742,78988,14742
8600000US14743,14743,ZCTA5 14743,42222,14743
8600000US14744,14744,ZCTA5 14744,50000,14744
8600000US14747,14747,ZCTA5 14747,41702,14747
8600000US14748,14748,ZCTA5 14748,35417,14748
8600000US14750,14750,ZCTA5 14750,50881,14750
8600000US14752,14752,ZCTA5 14752,,14752
8600000US14753,14753,ZCTA5 14753,33500,14753
8600000US14754,14754,ZCTA5 14754,43375,14754
8600000US14755,14755,ZCTA5 14755,44063,14755
8600000US14756,14756,ZCTA5 14756,,14756
8600000US14757,14757,ZCTA5 14757,46504,14757
8600000US14760,14760,ZCTA5 14760,39821,14760
8600000US14767,14767,ZCTA5 14767,37174,14767
8600000US14769,14769,ZCTA5 14769,37115,14769
8600000US14770,14770,ZCTA5 14770,51319,14770
8600000US14772,14772,ZCTA5 14772,39697,14772
8600000US14774,14774,ZCTA5 14774,41875,14774
8600000US14775,14775,ZCTA5 14775,41648,14775
8600000US14777,14777,ZCTA5 14777,43177,14777
8600000US14778,14778,ZCTA5 14778,,14778
8600000US14779,14779,ZCTA5 14779,32126,14779
8600000US14781,14781,ZCTA5 14781,42317,14781
8600000US14782,14782,ZCTA5 14782,46433,14782
8600000US14783,14783,ZCTA5 14783,31111,14783
8600000US14784,14784,ZCTA5 14784,34844,14784
8600000US14787,14787,ZCTA5 14787,45728,14787
8600000US14788,14788,ZCTA5 14788,62188,14788
8600000US14801,14801,ZCTA5 14801,43185,14801
8600000US14802,14802,ZCTA5 14802,25156,14802
8600000US14803,14803,ZCTA5 14803,47188,14803
8600000US14804,14804,ZCTA5 14804,54333,14804
8600000US14805,14805,ZCTA5 14805,55655,14805
8600000US14806,14806,ZCTA5 14806,50662,14806
8600000US14807,14807,ZCTA5 14807,51146,14807
8600000US14808,14808,ZCTA5 14808,44120,14808
8600000US14809,14809,ZCTA5 14809,42217,14809
8600000US14810,14810,ZCTA5 14810,40793,14810
8600000US14812,14812,ZCTA5 14812,58889,14812
8600000US14813,14813,ZCTA5 14813,42059,14813
8600000US14814,14814,ZCTA5 14814,62338,14814
8600000US14815,14815,ZCTA5 14815,45000,14815
8600000US14816,14816,ZCTA5 14816,49083,14816
8600000US14817,14817,ZCTA5 14817,49931,14817
8600000US14818,14818,ZCTA5 14818,53281,14818
8600000US14819,14819,ZCTA5 14819,36375,14819
8600000US14820,14820,ZCTA5 14820,42045,14820
8600000US14821,14821,ZCTA5 14821,51210,14821
8600000US14822,14822,ZCTA5 14822,36250,14822
8600000US14823,14823,ZCTA5 14823,49360,14823
8600000US14824,14824,ZCTA5 14824,43750,14824
8600000US14825,14825,ZCTA5 14825,55804,14825
8600000US14826,14826,ZCTA5 14826,40170,14826
8600000US14827,14827,ZCTA5 14827,,14827
8600000US14830,14830,ZCTA5 14830,53294,14830
8600000US14836,14836,ZCTA5 14836,65625,14836
8600000US14837,14837,ZCTA5 14837,45990,14837
8600000US14838,14838,ZCTA5 14838,55057,14838
8600000US14839,14839,ZCTA5 14839,52031,14839
8600000US14840,14840,ZCTA5 14840,54500,14840
8600000US14841,14841,ZCTA5 14841,78250,14841
8600000US14842,14842,ZCTA5 14842,53278,14842
8600000US14843,14843,ZCTA5 14843,40511,14843
8600000US14845,14845,ZCTA5 14845,63377,14845
8600000US14846,14846,ZCTA5 14846,46389,14846
8600000US14847,14847,ZCTA5 14847,46406,14847
8600000US14850,14850,ZCTA5 14850,48088,14850
8600000US14853,14853,ZCTA5 14853,,14853
8600000US14854,14854,ZCTA5 14854,,14854
8600000US14855,14855,ZCTA5 14855,45329,14855
8600000US14856,14856,ZCTA5 14856,,14856
8600000US14858,14858,ZCTA5 14858,51023,14858
8600000US14859,14859,ZCTA5 14859,50781,14859
8600000US14860,14860,ZCTA5 14860,53500,14860
8600000US14861,14861,ZCTA5 14861,49688,14861
8600000US14864,14864,ZCTA5 14864,64468,14864
8600000US14865,14865,ZCTA5 14865,37821,14865
8600000US14867,14867,ZCTA5 14867,44306,14867
8600000US14869,14869,ZCTA5 14869,49231,14869
8600000US14870,14870,ZCTA5 14870,62813,14870
8600000US14871,14871,ZCTA5 14871,62212,14871
8600000US14872,14872,ZCTA5 14872,51958,14872
8600000US14873,14873,ZCTA5 14873,46987,14873
8600000US14874,14874,ZCTA5 14874,34028,14874
8600000US14877,14877,ZCTA5 14877,51094,14877
8600000US14878,14878,ZCTA5 14878,69318,14878
8600000US14879,14879,ZCTA5 14879,47214,14879
8600000US14880,14880,ZCTA5 14880,49922,14880
8600000US14881,14881,ZCTA5 14881,,14881
8600000US14882,14882,ZCTA5 14882,69097,14882
8600000US14883,14883,ZCTA5 14883,51447,14883
8600000US14884,14884,ZCTA5 14884,47500,14884
8600000US14885,14885,ZCTA5 14885,47375,14885
8600000US14886,14886,ZCTA5 14886,66450,14886
8600000US14889,14889,ZCTA5 14889,49853,14889
8600000US14891,14891,ZCTA5 14891,44104,14891
8600000US14892,14892,ZCTA5 14892,50253,14892
8600000US14893,14893,ZCTA5 14893,,14893
8600000US14894,14894,ZCTA5 14894,39750,14894
8600000US14895,14895,ZCTA5 14895,41102,14895
8600000US14897,14897,ZCTA5 14897,45789,14897
8600000US14898,14898,ZCTA5 14898,37941,14898
8600000US14901,14901,ZCTA5 14901,26766,14901
8600000US14903,14903,ZCTA5 14903,49267,14903
8600000US14904,14904,ZCTA5 14904,38020,14904
8600000US14905,14905,ZCTA5 14905,64178,14905
,,,,
,,,,
,,,,
,,,,
,,,,
,,,,
,,,,
,,,,
,,,,